2025-02-20,255.00,263.00,252.90,255.00.1,-1.16,"66,937.00","17,091,878.80"
2025-02-18,263.10,263.10,257.00,258.00,0.0,"64,925.00","16,826,509.90"
2025-02-17,255.70,260.00,251.60,258.00,1.26,"104,068.00","26,680,602.60"
2025-02-16,251.00,254.80,251.00,254.80,1.31,"59,605.00","15,039,584.80"
2025-02-13,255.20,255.60,250.30,251.50,-1.49,"30,602.00","7,739,036.60"
2025-02-12,253.00,255.40,251.20,255.30,1.11,"35,362.00","8,981,056.80"
2025-02-11,252.00,253.80,250.00,252.50,0.2,"40,580.00","10,212,371.90"
2025-02-10,253.50,254.00,250.20,252.00,-0.12,"46,404.00","11,680,738.20"
2025-02-09,265.20,265.20,252.10,252.30,-2.96,"76,872.00","19,762,456.80"
2025-02-06,259.00,268.00,252.00,260.00,2.36,"103,780.00","27,037,785.00"
2025-02-05,254.50,260.00,252.10,254.00,-0.08,"40,342.00","10,288,277.00"
2025-02-04,261.10,261.10,254.00,254.20,-0.7,"65,021.00","16,777,382.80"
2025-02-03,255.00,262.00,251.20,256.00,1.39,"122,306.00","31,465,087.80"
2025-02-02,249.00,252.50,246.50,252.50,3.06,"127,938.00","32,001,105.60"
2025-01-28,245.00,246.90,244.30,245.00,-0.53,"58,427.00","14,343,251.50"
2025-01-27,249.90,249.90,246.00,246.30,-0.69,"30,248.00","7,456,299.00"
2025-01-26,246.00,251.40,246.00,248.00,-0.8,"40,372.00","10,020,682.40"
2025-01-23,259.00,259.00,250.00,250.00,-1.57,"41,626.00","10,518,658.30"
2025-01-22,250.00,260.00,245.00,254.00,2.42,"101,885.00","25,574,271.80"
2025-01-21,256.00,256.00,247.00,248.00,-1.2,"42,552.00","10,568,990.50"
2025-01-20,250.20,255.00,250.00,251.00,-1.45,"102,302.00","25,674,840.90"
2025-01-19,252.00,255.00,251.00,254.70,1.07,"99,063.00","25,108,123.30"
2025-01-16,259.00,259.00,252.00,252.00,-1.95,"80,820.00","20,545,556.40"
2025-01-15,258.30,258.90,255.50,257.00,-1.34,"75,059.00","19,302,409.30"
2025-01-13,261.10,261.90,256.00,260.50,-0.15,"173,677.00","44,780,763.04"
2025-01-12,262.00,266.00,260.80,260.90,-1.1,"16,224.00","4,253,800.20"
2025-01-09,265.00,266.00,260.00,263.80,-0.75,"83,543.00","21,943,642.30"
2025-01-08,271.30,271.30,265.00,265.80,-0.08,"44,633.00","11,890,466.50"
2025-01-07,272.00,272.00,265.50,266.00,-0.75,"25,492.00","6,788,940.90"
2025-01-06,269.00,269.00,264.70,268.00,1.32,"63,720.00","16,939,690.10"
2025-01-05,266.00,266.00,264.00,264.50,-1.2,"72,876.00","19,318,556.80"
2025-01-02,267.00,269.00,265.20,267.70,0.22,"34,854.00","9,286,069.80"
2025-01-01,267.00,268.50,266.20,267.10,0.41,"24,811.00","6,626,963.60"
2024-12-31,274.80,274.80,265.70,266.00,-1.44,"55,267.00","14,759,605.60"
2024-12-29,273.00,275.80,269.30,269.90,-0.77,"49,431.00","13,473,461.60"
2024-12-26,271.90,273.00,262.10,272.00,2.03,"123,843.00","33,426,342.10"
2024-12-24,267.40,270.00,262.60,266.60,1.68,"63,593.00","16,957,526.50"
2024-12-23,267.00,268.20,261.30,262.20,-0.3,"54,386.00","14,275,268.30"
2024-12-22,259.80,267.00,259.80,263.00,-0.79,"37,385.00","9,859,071.20"
2024-12-19,265.00,266.00,263.00,265.10,-0.34,"40,994.00","10,854,675.30"
2024-12-18,265.20,269.70,265.00,266.00,-0.37,"40,102.00","10,656,386.80"
2024-12-17,271.30,271.30,263.60,267.00,0.38,"44,627.00","11,875,971.20"
2024-12-16,265.20,269.00,264.00,266.00,-0.93,"52,892.00","14,046,015.20"
2024-12-12,282.50,282.50,268.20,268.50,-3.07,"42,271.00","11,525,235.00"
2024-12-11,264.00,277.00,264.00,277.00,3.75,"105,228.00","28,288,147.70"
2024-12-10,269.00,271.50,265.00,267.00,0.0,"23,482.00","6,254,752.80"
2024-12-09,267.00,270.00,264.60,267.00,0.0,"74,373.00","19,811,747.80"
2024-12-08,271.40,280.00,265.00,267.00,-2.91,"181,908.00","49,107,564.90"
2024-12-05,277.50,278.00,275.00,275.00,-0.9,"51,524.00","14,212,328.50"
2024-12-04,284.50,284.50,276.30,277.50,-0.54,"52,293.00","14,556,599.50"
2024-12-03,283.30,283.30,275.00,279.00,0.43,"44,139.00","12,220,252.50"
2024-12-02,285.10,285.10,276.00,277.80,-0.64,"86,642.00","24,049,833.10"
2024-12-01,280.00,280.90,277.30,279.60,-0.96,"44,253.00","12,376,781.70"
2024-11-28,285.00,286.00,281.00,282.30,-0.42,"51,209.00","14,471,165.20"
2024-11-27,287.00,287.00,282.20,283.50,0.18,"39,872.00","11,319,390.80"
2024-11-26,284.70,285.50,280.00,283.00,1.36,"50,857.00","14,366,105.50"
2024-11-25,284.40,284.40,276.60,279.20,0.11,"32,958.00","9,196,279.60"
2024-11-24,285.60,285.60,277.10,278.90,-0.39,"48,883.00","13,613,853.40"
2024-11-21,281.20,283.00,278.00,280.00,-0.43,"70,864.00","19,831,327.50"
2024-11-20,280.20,285.00,280.20,281.20,-0.64,"29,338.00","8,262,083.10"
2024-11-19,290.00,290.00,282.00,283.00,-1.91,"71,810.00","20,449,058.70"
2024-11-17,283.10,292.80,283.10,288.50,0.35,"99,735.00","28,909,558.80"
2024-11-14,285.00,295.80,284.10,287.50,0.88,"100,657.00","29,133,313.80"
2024-11-13,287.00,291.00,285.00,285.00,-1.69,"39,948.00","11,460,043.50"
2024-11-12,290.00,294.60,289.00,289.90,0.31,"64,692.00","18,846,663.30"
2024-11-11,295.00,295.00,288.10,289.00,-0.34,"103,812.00","30,284,784.20"
2024-11-10,282.40,292.00,282.40,290.00,2.44,"74,543.00","21,447,935.00"
2024-11-06,284.00,288.00,283.10,283.10,-0.84,"42,981.00","12,209,628.80"
2024-11-05,287.00,290.00,285.00,285.50,-0.35,"26,292.00","7,527,057.10"
2024-10-30,290.00,290.00,284.00,286.50,-0.03,"56,907.00","16,281,319.40"
2024-10-29,281.50,288.30,280.30,286.60,1.6,"136,521.00","38,939,181.20"
2024-10-28,288.70,288.70,280.00,282.10,-0.67,"49,516.00","13,989,265.90"
2024-10-27,286.00,288.00,279.30,284.00,-1.73,"110,971.00","31,334,938.70"
2024-10-24,291.00,292.00,286.00,289.00,-1.3,"45,480.00","13,125,841.10"
2024-10-23,296.80,308.00,290.30,292.80,0.62,"281,978.00","83,759,754.90"
2024-10-22,290.00,291.70,286.40,291.00,1.57,"67,830.00","19,606,881.80"
2024-10-21,295.70,295.70,286.40,286.50,-3.54,"163,658.00","47,434,164.30"
2024-10-20,295.00,302.80,289.00,297.00,-1.0,"159,264.00","47,312,785.00"
2024-10-17,295.00,302.00,295.00,300.00,1.76,"161,026.00","48,203,672.50"
2024-10-16,291.00,296.50,290.00,294.80,1.8,"103,158.00","30,292,436.70"
2024-10-15,292.90,292.90,286.00,289.60,0.56,"42,375.00","12,274,904.30"
2024-10-09,288.00,290.00,286.00,288.00,-0.66,"81,171.00","23,325,759.50"
2024-10-08,289.60,291.00,288.00,289.90,0.28,"63,859.00","18,482,825.40"
2024-10-07,289.00,291.80,286.60,289.10,1.8,"127,631.00","37,018,603.60"
2024-10-06,280.00,285.00,276.20,284.00,2.9,"86,884.00","24,386,556.00"
2024-10-02,273.00,280.00,272.00,276.00,1.1,"553,127.00","152,721,371.40"
2024-10-01,267.90,273.00,263.00,273.00,3.8,"119,057.00","32,123,704.30"
2024-09-30,260.00,264.90,258.20,263.00,0.38,"40,118.00","10,496,730.80"
2024-09-29,263.00,265.00,258.50,262.00,-0.76,"62,665.00","16,331,385.70"
2024-09-26,270.20,273.00,261.70,264.00,-2.22,"52,193.00","13,885,936.20"
2024-09-25,262.00,270.00,256.40,270.00,3.25,"183,144.00","48,462,898.00"
2024-09-24,267.90,268.90,260.00,261.50,-2.39,"149,322.00","39,069,639.40"
2024-09-23,276.40,276.40,265.50,267.90,-1.14,"47,978.00","12,832,670.60"
2024-09-22,272.30,276.90,268.00,271.00,1.5,"74,365.00","20,084,935.90"
2024-09-18,275.40,275.40,264.70,267.00,-1.11,"85,937.00","23,058,368.30"
2024-09-16,273.00,274.00,268.00,270.00,-1.82,"98,920.00","26,705,852.10"
2024-09-15,281.50,284.80,274.40,275.00,-1.04,"120,354.00","33,626,792.10"
2024-09-12,277.40,278.00,270.10,277.90,2.17,"152,393.00","41,832,804.90"
2024-09-11,283.00,283.50,271.10,272.00,-2.16,"134,516.00","36,825,902.50"
2024-09-10,277.00,282.50,276.00,278.00,0.0,"214,660.00","59,721,751.50"
2024-09-09,282.00,287.60,276.00,278.00,-2.46,"123,340.00","34,259,906.70"
2024-09-08,291.00,291.00,282.20,285.00,-0.7,"89,528.00","25,494,279.20"
2024-09-05,285.20,289.10,284.00,287.00,-0.73,"192,999.00","55,136,970.40"
2024-09-04,302.50,302.50,289.10,289.10,-2.53,"236,510.00","69,464,516.00"
2024-09-03,302.00,303.90,295.00,296.60,-0.13,"200,765.00","59,927,899.50"
2024-09-02,286.00,300.00,281.20,297.00,3.85,"296,576.00","86,104,646.90"
2024-09-01,299.80,299.80,285.20,286.00,-3.05,"131,757.00","38,022,827.20"
2024-08-29,300.00,300.50,291.00,295.00,-1.34,"221,286.00","65,240,597.40"
2024-08-28,302.00,311.00,295.00,299.00,0.0,"225,756.00","68,055,524.00"
2024-08-27,313.00,313.00,298.90,299.00,-4.47,"436,443.00","132,484,583.70"
2024-08-25,328.40,328.40,308.00,313.00,-2.8,"346,861.00","108,735,392.20"
2024-08-22,323.30,327.00,318.50,322.00,1.58,"441,741.00","142,474,736.30"
2024-08-21,329.00,329.30,315.10,317.00,-1.86,"385,960.00","123,197,946.60"
2024-08-18,332.50,337.50,316.10,323.00,-0.92,"607,268.00","200,341,754.30"
2024-08-15,302.10,327.00,302.10,326.00,7.24,"950,655.00","305,299,122.50"
2024-08-14,295.00,304.00,291.00,304.00,3.09,"422,276.00","125,860,359.30"
2024-08-13,299.30,300.00,290.10,294.90,0.48,"236,503.00","69,913,922.24"
2024-08-12,285.00,295.80,285.00,293.50,4.82,"507,117.00","148,102,723.80"
2024-08-11,273.30,280.00,270.10,280.00,4.48,"374,667.00","103,129,004.55"
2024-08-08,272.00,274.90,266.70,268.00,-0.74,"242,636.00","65,275,231.17"
2024-08-07,263.10,271.00,260.10,270.00,2.62,"224,488.00","59,877,150.30"
2024-08-06,279.00,279.00,263.10,263.10,-5.02,"463,822.00","124,399,687.50"
2024-08-05,281.90,283.00,274.40,277.00,-1.74,"382,518.00","106,022,555.70"
2024-08-01,292.20,292.20,279.00,281.90,-1.61,"287,256.00","81,799,815.30"
2024-07-31,289.00,290.00,284.00,286.50,0.53,"362,266.00","103,700,967.50"
2024-07-30,293.70,293.70,273.00,285.00,-1.04,"417,884.00","117,368,406.10"
2024-07-29,300.60,311.90,286.40,288.00,-2.31,"452,471.00","134,166,198.90"
2024-07-28,273.30,294.80,273.30,294.80,10.0,"815,712.00","236,891,869.10"
2024-07-25,266.10,275.00,262.00,268.00,0.75,"212,145.00","56,833,067.80"
2024-07-24,275.00,275.00,262.00,266.00,-1.48,"221,652.00","59,348,220.50"
2024-07-23,256.00,271.50,253.20,270.00,6.72,"420,546.00","110,874,482.40"
2024-07-22,257.00,260.00,250.20,253.00,-1.56,"239,895.00","60,747,360.90"
2024-07-21,251.00,260.00,243.00,257.00,2.39,"296,648.00","75,610,065.80"
2024-07-18,242.50,259.00,237.00,251.00,5.55,"404,005.00","100,539,400.50"
2024-07-17,236.60,239.00,232.10,237.80,2.5,"244,368.00","57,726,463.20"
2024-07-16,229.50,232.50,226.20,232.00,1.09,"143,370.00","32,979,685.70"
2024-07-15,238.50,238.50,226.40,229.50,-1.92,"127,067.00","29,205,643.80"
2024-07-14,233.40,237.50,228.40,234.00,2.23,"126,827.00","29,446,399.10"
2024-07-11,228.10,228.90,223.90,228.90,2.32,"118,488.00","26,872,486.70"
2024-07-10,224.20,224.20,219.50,223.70,1.73,"58,391.00","12,965,022.10"
2024-07-09,223.30,223.30,217.00,219.90,0.41,"36,346.00","7,948,250.80"
2024-07-08,220.50,220.50,217.00,219.00,0.6,"48,185.00","10,519,483.20"
2024-07-07,216.00,219.30,213.10,217.70,0.74,"83,740.00","18,194,549.60"
2024-07-04,216.50,219.00,215.00,216.10,-0.18,"91,167.00","19,699,182.60"
2024-07-03,223.00,223.00,211.30,216.50,-1.37,"31,901.00","6,829,773.70"
2024-07-02,217.20,234.00,210.10,219.50,3.05,"92,761.00","20,225,288.30"
2024-07-01,204.00,213.00,202.10,213.00,4.41,"113,583.00","23,227,572.90"
2024-06-30,205.00,208.00,202.00,204.00,-0.73,"48,826.00","9,946,896.80"
2024-06-27,205.10,206.90,203.10,205.50,0.2,"34,598.00","7,086,929.10"
2024-06-26,205.50,208.00,205.00,205.10,-0.68,"29,936.00","6,156,982.10"
2024-06-25,210.50,210.50,205.00,206.50,-0.63,"37,267.00","7,683,077.40"
2024-06-24,207.00,211.00,206.00,207.80,0.29,"30,961.00","6,435,766.00"
2024-06-23,210.00,210.00,207.20,207.20,-0.86,"36,786.00","7,650,841.00"
2024-06-20,213.60,213.60,208.20,209.00,-0.24,"35,965.00","7,528,112.30"
2024-06-19,214.00,214.00,209.00,209.50,-2.06,"22,935.00","4,836,847.00"
2024-06-18,217.00,217.00,209.10,213.90,-0.05,"29,194.00","6,180,633.00"
2024-06-16,212.00,216.20,210.60,214.00,-0.47,"50,871.00","10,890,353.40"
2024-06-13,213.00,215.50,210.20,215.00,-0.46,"45,989.00","9,786,406.90"
2024-06-12,214.00,216.90,209.10,216.00,1.36,"68,922.00","14,683,329.90"
2024-06-11,208.30,214.00,204.10,213.10,4.31,"40,421.00","8,452,063.30"
2024-06-10,208.80,208.80,204.00,204.30,-0.24,"41,001.00","8,408,214.50"
2024-06-09,202.00,210.00,202.00,204.80,-0.58,"49,626.00","10,196,717.00"
2024-06-06,209.00,211.00,205.80,206.00,-1.44,"40,198.00","8,352,199.00"
2024-06-05,217.10,217.10,209.00,209.00,-1.83,"29,208.00","6,146,823.70"
2024-06-04,216.70,216.70,210.70,212.90,0.19,"30,111.00","6,406,751.50"
2024-06-03,218.20,218.20,212.00,212.50,-0.7,"24,007.00","5,119,972.50"
2024-06-02,216.90,216.90,211.20,214.00,0.47,"26,896.00","5,746,439.60"
2024-05-30,216.00,216.90,209.80,213.00,-1.62,"46,486.00","9,886,557.80"
2024-05-29,230.00,230.40,216.10,216.50,-4.2,"35,934.00","7,971,114.40"
2024-05-27,224.40,227.50,219.00,226.00,-0.44,"66,700.00","14,955,477.90"
2024-05-26,236.40,236.40,225.50,227.00,-2.07,"97,731.00","22,343,823.00"
2024-05-22,224.50,233.00,220.50,231.80,4.04,"148,109.00","33,899,486.80"
2024-05-21,223.80,223.80,217.00,222.80,1.5,"77,386.00","17,076,750.40"
2024-05-20,213.50,223.00,208.00,219.50,4.82,"154,435.00","33,601,478.20"
2024-05-19,207.00,211.00,203.00,209.40,3.15,"51,465.00","10,694,052.40"
2024-05-16,207.50,207.50,202.00,203.00,-0.25,"32,367.00","6,560,073.30"
2024-05-15,202.00,207.90,202.00,203.50,-0.25,"29,497.00","6,055,393.80"
2024-05-14,210.90,210.90,202.10,204.00,-1.35,"29,565.00","6,051,863.10"
2024-05-13,206.00,209.00,199.00,206.80,2.38,"59,806.00","12,305,958.80"
2024-05-12,203.90,203.90,199.20,202.00,-2.88,"32,310.00","6,489,043.90"
2024-05-09,196.00,208.00,195.10,208.00,5.91,"42,639.00","8,419,427.20"
2024-05-08,199.00,199.00,195.50,196.40,-0.3,"22,129.00","4,344,013.50"
2024-05-07,198.00,200.00,197.00,197.00,-0.91,"39,462.00","7,801,903.00"
2024-05-06,202.40,202.40,198.40,198.80,0.15,"39,648.00","7,899,461.70"
2024-05-05,203.50,203.50,198.50,198.50,-0.75,"36,082.00","7,198,967.70"
2024-05-02,205.60,205.60,200.00,200.00,-0.79,"31,129.00","6,242,915.30"
2024-04-30,204.00,204.00,199.50,201.60,0.8,"54,808.00","11,014,302.10"
2024-04-29,205.00,205.00,197.00,200.00,-0.5,"33,812.00","6,759,603.00"
2024-04-28,203.10,203.10,197.00,201.00,0.9,"32,220.00","6,443,760.70"
2024-04-25,202.00,202.00,199.20,199.20,-0.4,"41,914.00","8,397,647.60"
2024-04-24,203.00,203.00,199.10,200.00,0.0,"32,965.00","6,604,822.80"
2024-04-22,204.90,205.80,199.50,200.00,-0.89,"46,763.00","9,393,156.10"
2024-04-21,203.10,205.00,199.00,201.80,-1.9,"66,215.00","13,292,129.50"
2024-04-18,210.00,210.00,205.00,205.70,-0.63,"39,991.00","8,236,042.60"
2024-04-16,208.00,212.00,206.60,207.00,-0.72,"58,294.00","12,107,223.00"
2024-04-15,211.00,211.00,207.40,208.50,-0.95,"62,619.00","13,091,142.40"
2024-04-14,212.50,213.00,209.00,210.50,-0.94,"63,911.00","13,472,729.30"
2024-04-10,214.00,214.00,212.00,212.50,-0.7,"74,758.00","15,892,632.40"
2024-04-09,217.00,217.00,212.50,214.00,0.0,"103,955.00","22,329,933.90"
2024-04-07,215.00,215.00,211.00,214.00,0.56,"160,309.00","34,298,266.30"
2024-04-04,214.00,214.10,211.00,212.80,-0.93,"88,040.00","18,684,371.80"
2024-04-03,215.00,216.00,213.00,214.80,-0.14,"79,170.00","16,932,924.40"
2024-04-02,220.30,220.30,214.60,215.10,-0.42,"35,397.00","7,631,576.20"
2024-04-01,216.00,218.00,215.00,216.00,-0.83,"48,999.00","10,569,585.20"
2024-03-31,219.00,220.00,216.90,217.80,-0.55,"25,612.00","5,571,800.10"
2024-03-28,225.40,225.40,218.20,219.00,-0.9,"21,123.00","4,625,468.70"
2024-03-27,224.00,224.00,218.00,221.00,0.18,"36,250.00","7,925,390.20"
2024-03-26,221.00,223.80,219.50,220.60,-0.14,"26,637.00","5,891,236.00"
2024-03-25,224.00,224.00,220.00,220.90,-1.16,"39,754.00","8,768,408.50"
2024-03-21,227.90,227.90,222.00,223.50,-0.67,"34,704.00","7,776,644.60"
2024-03-20,226.90,226.90,220.00,225.00,1.12,"44,586.00","9,992,077.00"
2024-03-19,220.00,225.90,220.00,222.50,-0.67,"48,649.00","10,891,014.60"
2024-03-18,227.70,227.70,222.00,224.00,0.31,"49,054.00","10,981,395.70"
2024-03-17,221.00,224.00,220.20,223.30,-0.09,"33,779.00","7,531,990.20"
2024-03-14,225.00,225.00,220.80,223.50,-0.8,"26,504.00","5,929,942.50"
2024-03-13,227.10,229.00,225.00,225.30,-0.35,"42,237.00","9,599,438.00"
2024-03-12,225.00,226.80,222.00,226.10,1.85,"29,437.00","6,603,747.60"
2024-03-10,225.00,225.90,221.10,222.00,0.45,"34,608.00","7,711,371.70"
2024-03-07,222.00,222.20,218.10,221.00,1.38,"22,817.00","5,018,419.90"
2024-03-06,222.00,224.00,217.60,218.00,-1.8,"34,059.00","7,500,241.60"
2024-03-05,234.60,234.60,220.00,222.00,-3.48,"46,467.00","10,373,385.70"
2024-03-04,218.70,230.00,218.70,230.00,7.23,"10,610.00","2,389,281.50"
2024-03-03,218.70,218.70,213.00,214.50,0.0,"51,267.00","10,997,625.60"
2024-02-29,219.00,219.00,214.30,214.50,-1.15,"114,752.00","24,732,157.30"
2024-02-28,219.00,222.80,216.80,217.00,-0.91,"38,745.00","8,436,635.10"
2024-02-27,218.00,222.50,215.10,219.00,0.32,"30,580.00","6,653,719.60"
2024-02-26,219.00,222.90,218.00,218.30,-0.32,"40,395.00","8,856,119.90"
2024-02-25,223.00,223.00,219.00,219.00,-1.79,"63,968.00","14,086,185.50"
2024-02-22,223.10,225.00,222.00,223.00,-1.33,"45,053.00","10,047,755.30"
2024-02-21,226.00,227.00,223.60,226.00,0.04,"42,462.00","9,543,551.70"
2024-02-20,225.00,226.00,224.30,225.90,0.36,"44,113.00","9,935,411.10"
2024-02-18,227.20,229.00,224.50,225.10,-1.19,"70,103.00","15,820,195.90"
2024-02-15,226.50,229.90,226.50,227.80,0.13,"35,889.00","8,157,913.30"
2024-02-14,229.00,229.90,227.00,227.50,-1.0,"31,362.00","7,148,108.90"
2024-02-13,229.00,231.50,227.00,229.80,0.17,"42,689.00","9,761,239.60"
2024-02-12,230.00,232.00,228.50,229.40,-0.04,"35,617.00","8,190,401.70"
2024-02-11,232.10,233.80,229.50,229.50,-0.52,"41,723.00","9,626,707.50"
2024-02-08,235.60,235.60,230.30,230.70,-0.35,"39,473.00","9,136,207.50"
2024-02-07,233.60,238.00,231.00,231.50,1.05,"21,231.00","4,940,227.60"
2024-02-06,229.10,231.90,229.10,229.10,0.0,"52,607.00","12,114,475.90"
2024-02-05,231.90,231.90,228.50,229.10,-0.13,"41,106.00","9,439,505.30"
2024-02-04,229.10,231.00,228.50,229.40,-0.69,"66,815.00","15,356,415.90"
2024-02-01,231.00,231.50,229.60,231.00,-0.26,"54,205.00","12,477,857.50"
2024-01-31,227.30,232.50,227.30,231.60,-0.13,"44,908.00","10,395,209.00"
2024-01-30,233.00,234.90,231.20,231.90,-0.47,"100,512.00","23,321,223.20"
2024-01-29,238.00,238.00,232.20,233.00,-0.43,"37,033.00","8,645,891.40"
2024-01-28,235.00,235.00,232.60,234.00,-0.38,"30,773.00","7,192,889.50"
2024-01-25,234.00,235.70,233.00,234.90,-0.34,"59,899.00","14,045,418.30"
2024-01-24,236.00,237.00,232.20,235.70,0.9,"58,212.00","13,695,984.40"
2024-01-23,236.80,236.80,232.10,233.60,0.34,"153,149.00","35,873,341.70"
2024-01-22,233.50,238.00,232.50,232.80,-0.72,"95,787.00","22,399,607.70"
2024-01-21,238.00,238.00,233.00,234.50,-2.13,"138,795.00","32,660,517.80"
2024-01-18,246.00,246.00,238.30,239.60,-1.28,"320,195.00","76,797,390.20"
2024-01-17,242.00,246.80,239.50,242.70,1.34,"149,311.00","36,336,427.60"
2024-01-16,237.00,240.00,234.70,239.50,1.53,"213,725.00","50,906,335.30"
2024-01-14,241.00,241.00,235.00,235.90,-0.88,"139,284.00","33,012,682.00"
2024-01-11,237.00,241.60,237.00,238.00,0.42,"43,138.00","10,308,923.10"
2024-01-10,238.50,241.00,237.00,237.00,0.42,"83,335.00","19,892,703.20"
2024-01-09,239.70,239.70,234.00,236.00,0.43,"110,030.00","25,879,379.30"
2024-01-08,237.00,238.70,232.30,235.00,0.0,"72,479.00","16,965,845.50"
2024-01-07,239.00,239.00,233.00,235.00,-0.51,"95,197.00","22,360,797.00"
2024-01-04,238.00,240.00,235.90,236.20,-0.76,"53,096.00","12,558,701.80"
2024-01-03,235.20,239.00,235.20,238.00,0.42,"57,218.00","13,569,484.50"
2024-01-02,239.00,240.00,237.00,237.00,-1.25,"62,968.00","14,987,752.80"
2024-01-01,244.80,244.80,238.00,240.00,0.0,"95,225.00","22,865,216.00"
2023-12-28,246.00,246.00,239.10,240.00,-0.83,"54,347.00","13,053,303.80"
2023-12-27,242.30,246.50,240.10,242.00,-0.21,"61,389.00","14,839,495.50"
2023-12-24,245.00,250.60,242.50,242.50,-1.3,"83,538.00","20,383,854.10"
2023-12-21,255.00,255.00,245.00,245.70,-3.65,"148,662.00","36,793,090.70"
2023-12-20,259.40,259.70,253.00,255.00,0.24,"144,208.00","36,830,052.40"
2023-12-19,246.50,254.90,246.20,254.40,3.84,"135,362.00","33,929,472.70"
2023-12-18,242.00,245.80,240.00,245.00,2.08,"133,816.00","32,479,724.10"
2023-12-17,240.10,243.00,231.20,240.00,-2.04,"158,178.00","37,877,036.70"
2023-12-14,244.00,245.00,240.00,245.00,0.04,"81,823.00","19,772,058.70"
2023-12-13,246.80,247.70,243.00,244.90,0.0,"42,048.00","10,304,822.20"
2023-12-12,243.90,246.50,242.60,244.90,0.37,"83,376.00","20,382,908.70"
2023-12-11,249.70,254.60,240.20,244.00,-0.37,"97,415.00","23,806,806.20"
2023-12-10,243.00,246.00,243.00,244.90,2.04,"13,658.00","3,346,822.50"
2023-12-07,236.00,240.40,233.50,240.00,2.13,"67,640.00","15,985,488.60"
2023-12-06,236.20,238.00,234.00,235.00,-0.42,"29,299.00","6,889,881.60"
2023-12-05,238.90,239.00,236.00,236.00,-0.21,"18,503.00","4,380,841.70"
2023-12-04,238.00,239.00,236.10,236.50,-0.55,"18,887.00","4,483,460.70"
2023-12-03,242.70,242.70,236.50,237.80,-0.5,"32,474.00","7,705,783.30"
2023-11-30,242.00,242.90,237.00,239.00,0.34,"31,236.00","7,450,115.40"
2023-11-29,238.00,241.50,238.00,238.20,-0.13,"26,493.00","6,333,235.40"
2023-11-28,241.00,241.00,238.40,238.50,-0.63,"28,185.00","6,741,103.20"
2023-11-27,242.00,244.00,240.00,240.00,-0.41,"73,926.00","17,835,182.00"
2023-11-26,241.80,244.00,238.70,241.00,-0.33,"37,234.00","8,987,158.30"
2023-11-23,240.00,242.90,239.50,241.80,-0.04,"25,669.00","6,195,847.40"
2023-11-22,246.00,246.00,239.20,241.90,-0.04,"32,047.00","7,723,082.60"
2023-11-21,241.50,243.40,240.00,242.00,0.21,"35,526.00","8,602,633.60"
2023-11-20,246.00,246.00,240.00,241.50,-0.37,"22,550.00","5,438,137.50"
2023-11-09,241.00,245.80,240.40,242.40,-0.53,"21,789.00","5,288,077.30"
2023-11-08,237.80,247.40,237.80,243.70,0.45,"24,093.00","5,854,645.30"
2023-11-07,241.00,244.90,241.00,242.60,-0.25,"16,346.00","3,963,228.90"
2023-11-06,240.00,244.90,240.00,243.20,0.7,"17,430.00","4,237,568.00"
2023-11-05,240.10,243.80,240.00,241.50,-1.43,"51,352.00","12,394,395.30"
2023-11-02,245.50,248.00,243.00,245.00,-1.13,"49,397.00","12,075,363.20"
2023-11-01,248.00,250.00,245.80,247.80,-0.04,"10,362.00","2,568,188.70"
2023-10-31,246.00,248.90,245.00,247.90,-0.4,"17,901.00","4,423,987.70"
2023-10-30,250.10,250.10,246.00,248.90,0.32,"8,051.00","1,996,640.30"
2023-10-29,247.00,251.90,247.00,248.10,-1.16,"15,200.00","3,790,581.30"
2023-10-19,255.00,256.00,249.00,251.00,0.0,"13,571.00","3,422,924.50"
2023-10-18,250.00,253.80,248.00,251.00,1.21,"28,440.00","7,140,105.10"
2023-10-17,245.00,248.50,243.90,248.00,2.48,"26,444.00","6,488,956.80"
2023-10-16,244.00,244.00,241.00,242.00,-0.49,"38,363.00","9,287,550.30"
2023-10-12,245.00,246.00,243.00,243.20,-1.18,"59,698.00","14,566,955.60"
2023-10-11,250.00,250.00,245.90,246.10,0.04,"17,939.00","4,419,234.90"
2023-10-10,249.80,249.90,245.50,246.00,-0.08,"25,158.00","6,199,230.00"
2023-10-09,247.20,249.90,246.00,246.20,-0.4,"27,949.00","6,904,662.80"
2023-10-08,253.90,253.90,246.00,247.20,-0.72,"36,175.00","8,937,837.70"
2023-10-05,251.90,252.00,248.00,249.00,-0.32,"26,412.00","6,573,879.40"
2023-10-04,250.00,251.00,249.00,249.80,0.52,"13,938.00","3,480,815.50"
2023-10-03,250.00,250.20,248.50,248.50,-0.28,"22,819.00","5,681,206.30"
2023-10-02,250.00,251.50,247.10,249.20,-0.48,"42,582.00","10,637,974.90"
2023-10-01,251.00,253.10,248.00,250.40,-0.12,"58,432.00","14,605,243.90"
2023-09-27,250.20,252.10,249.00,250.70,-0.08,"43,264.00","10,846,801.70"
2023-09-26,250.00,253.00,250.00,250.90,0.52,"27,325.00","6,850,054.90"
2023-09-25,252.00,252.00,249.00,249.60,-0.56,"18,137.00","4,539,117.70"
2023-09-24,256.90,256.90,250.50,251.00,-0.79,"24,218.00","6,106,412.40"
2023-09-21,252.00,256.00,251.00,253.00,1.32,"38,382.00","9,716,379.30"
2023-09-19,253.30,253.30,248.60,249.70,-0.12,"49,682.00","12,399,102.60"
2023-09-18,250.90,251.00,248.00,250.00,0.36,"17,101.00","4,275,702.90"
2023-09-17,252.00,253.00,249.00,249.10,-1.89,"47,130.00","11,783,284.30"
2023-09-13,250.00,254.00,250.00,253.90,1.56,"33,420.00","8,437,093.20"
2023-09-12,250.20,252.30,249.00,250.00,-0.95,"26,136.00","6,546,259.50"
2023-09-11,249.10,252.50,248.10,252.40,1.37,"46,416.00","11,625,020.40"
2023-09-10,251.90,251.90,248.00,249.00,0.0,"38,931.00","9,692,775.60"
2023-09-07,245.40,252.00,245.40,249.00,-0.56,"27,754.00","6,932,574.00"
2023-09-05,256.10,256.10,249.50,250.40,-0.28,"26,258.00","6,573,670.20"
2023-09-04,249.00,252.40,249.00,251.10,0.76,"29,709.00","7,430,526.40"
2023-09-03,250.00,251.00,248.60,249.20,-0.88,"31,390.00","7,838,208.60"
2023-08-30,250.00,254.80,250.00,251.40,0.52,"22,480.00","5,662,426.30"
2023-08-29,251.00,253.00,250.00,250.10,0.04,"28,856.00","7,236,125.60"
2023-08-28,249.00,253.70,248.00,250.00,0.4,"28,258.00","7,070,728.70"
2023-08-27,251.00,252.90,248.30,249.00,-0.4,"41,650.00","10,400,860.50"
2023-08-24,248.60,253.00,248.60,250.00,-0.4,"46,711.00","11,702,455.20"
2023-08-23,252.80,252.90,249.00,251.00,-0.24,"100,227.00","25,092,063.30"
2023-08-22,253.00,253.00,248.50,251.60,0.64,"71,762.00","17,915,142.80"
2023-08-21,254.00,254.00,248.00,250.00,-0.36,"60,034.00","14,976,799.00"
2023-08-20,250.20,253.10,248.30,250.90,-0.79,"74,992.00","18,799,580.00"
2023-08-17,255.90,255.90,251.30,252.90,0.36,"21,615.00","5,468,606.30"
2023-08-16,251.10,254.00,250.00,252.00,-0.4,"56,740.00","14,263,628.80"
2023-08-15,257.00,257.00,253.00,253.00,-0.78,"36,968.00","9,385,736.70"
2023-08-14,254.00,257.70,254.00,255.00,0.39,"48,185.00","12,320,588.60"
2023-08-13,259.00,259.00,252.00,254.00,0.0,"71,148.00","18,071,432.80"
2023-08-10,252.20,257.00,251.20,254.00,-0.39,"25,901.00","6,605,362.40"
2023-08-09,250.20,255.00,246.00,255.00,1.19,"81,216.00","20,305,875.80"
2023-08-08,252.20,257.90,251.00,252.00,-1.14,"42,060.00","10,637,221.60"
2023-08-07,259.90,259.90,253.00,254.90,-0.82,"51,182.00","13,084,142.80"
2023-08-06,260.00,266.10,256.00,257.00,-0.35,"153,778.00","39,958,427.60"
2023-08-03,254.00,261.00,253.20,257.90,1.94,"88,173.00","22,758,055.80"
2023-08-02,255.00,255.00,249.60,253.00,1.2,"45,896.00","11,534,751.00"
2023-08-01,255.00,257.00,249.30,250.00,-1.19,"79,695.00","20,015,905.20"
2023-07-31,259.90,259.90,250.00,253.00,-0.78,"86,528.00","21,851,887.40"
2023-07-30,259.50,260.00,252.90,255.00,-0.89,"88,371.00","22,552,106.60"
2023-07-27,262.00,264.80,257.00,257.30,-1.42,"50,723.00","13,142,505.20"
2023-07-26,262.00,265.00,257.50,261.00,1.24,"53,681.00","14,087,973.70"
2023-07-25,265.00,266.40,257.00,257.80,-2.9,"104,128.00","27,052,806.00"
2023-07-24,275.00,275.90,263.00,265.50,-2.39,"180,611.00","48,546,856.80"
2023-07-23,260.00,280.00,258.00,272.00,4.66,"223,112.00","59,870,046.30"
2023-07-20,268.70,268.70,257.00,259.90,-1.55,"164,484.00","42,857,901.20"
2023-07-19,256.00,266.00,253.20,264.00,2.33,"115,010.00","30,237,061.30"
2023-07-18,258.00,260.10,253.00,258.00,1.3,"86,441.00","22,274,232.20"
2023-07-17,250.00,256.90,248.60,254.70,2.29,"67,976.00","17,247,462.80"
2023-07-16,249.70,249.70,245.00,249.00,1.63,"60,584.00","14,951,077.70"
2023-07-13,245.30,250.50,243.50,245.00,0.04,"89,055.00","21,930,367.40"
2023-07-12,244.80,248.00,241.20,244.90,2.04,"71,159.00","17,341,649.20"
2023-07-11,247.70,247.70,240.00,240.00,-1.23,"123,621.00","29,957,819.50"
2023-07-10,245.00,253.00,242.20,243.00,-0.41,"80,974.00","19,757,263.30"
2023-07-09,250.40,250.40,243.60,244.00,-0.61,"95,272.00","23,360,896.40"
2023-07-06,244.00,248.80,243.00,245.50,0.2,"327,175.00","80,157,356.70"
2023-07-05,250.00,252.00,244.00,245.00,-2.0,"193,086.00","47,424,655.60"
2023-07-04,248.00,258.00,248.00,250.00,0.6,"43,403.00","10,836,545.20"
2023-07-03,251.00,253.90,248.50,248.50,-0.6,"66,041.00","16,533,495.00"
2023-07-02,257.00,257.00,249.10,250.00,-2.04,"81,261.00","20,512,971.10"
2023-06-28,257.30,272.00,254.80,255.20,-2.78,"85,009.00","22,139,221.30"
2023-06-27,255.80,262.50,250.10,262.50,4.58,"183,098.00","47,396,242.70"
2023-06-26,250.10,257.00,249.00,251.00,0.4,"102,861.00","25,907,125.00"
2023-06-25,252.00,252.00,246.40,250.00,0.81,"81,817.00","20,336,828.80"
2023-06-22,250.00,252.00,247.30,248.00,-0.4,"38,289.00","9,534,147.20"
2023-06-21,250.00,255.00,247.60,249.00,-1.03,"114,075.00","28,490,246.00"
2023-06-20,252.10,256.00,251.60,251.60,-0.24,"41,566.00","10,543,293.20"
2023-06-19,254.00,255.00,251.50,252.20,-1.06,"52,201.00","13,186,487.20"
2023-06-18,253.00,256.50,252.10,254.90,-0.43,"64,067.00","16,256,632.40"
2023-06-15,260.00,260.00,253.80,256.00,-0.39,"236,975.00","60,523,408.90"
2023-06-14,255.00,260.80,254.00,257.00,0.39,"67,276.00","17,285,591.80"
2023-06-13,252.00,261.00,250.50,256.00,1.19,"80,396.00","20,417,618.00"
2023-06-12,257.00,257.00,252.00,253.00,-0.39,"29,036.00","7,360,061.00"
2023-06-11,255.90,256.00,252.00,254.00,0.4,"30,718.00","7,798,996.10"
2023-06-08,255.50,255.50,251.00,253.00,-0.35,"35,011.00","8,837,840.10"
2023-06-07,250.00,258.00,250.00,253.90,-0.04,"21,496.00","5,470,006.80"
2023-06-06,253.00,256.00,252.00,254.00,0.43,"20,762.00","5,261,301.40"
2023-06-05,260.00,261.90,252.90,252.90,-1.94,"25,133.00","6,454,095.00"
2023-06-04,250.00,259.90,250.00,257.90,2.34,"23,310.00","5,962,034.00"
2023-06-01,250.00,255.00,248.00,252.00,1.49,"42,963.00","10,785,333.50"
2023-05-31,250.70,253.90,248.30,248.30,-1.9,"66,112.00","16,536,893.30"
2023-05-30,260.00,262.00,253.00,253.10,-4.13,"72,673.00","18,555,495.40"
2023-05-28,256.80,270.00,255.00,264.00,4.85,"135,284.00","35,524,529.60"
2023-05-24,254.10,258.00,251.00,251.80,-0.91,"43,428.00","10,987,220.00"
2023-05-23,253.50,255.50,248.10,254.10,2.09,"40,104.00","10,139,605.00"
2023-05-22,252.00,252.00,248.10,248.90,-0.04,"27,020.00","6,738,906.60"
2023-05-21,250.10,254.90,248.20,249.00,-0.92,"32,136.00","8,066,678.00"
2023-05-18,248.00,251.90,246.50,251.30,1.74,"49,415.00","12,357,694.40"
2023-05-17,247.00,249.00,245.00,247.00,0.82,"24,032.00","5,918,008.90"
2023-05-16,246.00,247.90,245.00,245.00,-0.53,"33,376.00","8,195,817.50"
2023-05-15,245.20,248.50,245.20,246.30,-1.08,"22,864.00","5,635,199.70"
2023-05-14,249.00,250.80,246.00,249.00,0.81,"25,390.00","6,277,218.80"
2023-05-11,247.00,249.00,246.00,247.00,-0.08,"22,445.00","5,550,348.40"
2023-05-10,249.10,250.00,247.00,247.20,-0.72,"32,338.00","8,023,601.30"
2023-05-09,248.00,252.00,247.30,249.00,0.0,"18,181.00","4,535,698.70"
2023-05-08,254.80,254.80,248.20,249.00,-0.44,"29,785.00","7,435,413.60"
2023-05-07,253.00,253.90,250.00,250.10,-1.54,"20,433.00","5,129,747.90"
2023-05-04,256.00,256.00,252.00,254.00,0.08,"26,804.00","6,804,346.50"
2023-05-03,259.00,260.10,253.60,253.80,-0.47,"17,273.00","4,405,475.60"
2023-05-02,257.00,260.00,252.10,255.00,1.19,"24,305.00","6,185,504.30"
2023-04-30,251.00,253.00,250.00,252.00,0.4,"18,312.00","4,603,220.30"
2023-04-27,250.20,252.50,250.10,251.00,0.16,"10,692.00","2,685,666.80"
2023-04-26,253.00,255.00,250.30,250.60,-0.6,"18,479.00","4,649,198.50"
2023-04-25,251.00,255.00,250.50,252.10,0.44,"14,877.00","3,747,736.70"
2023-04-24,252.00,253.00,249.00,251.00,0.32,"29,713.00","7,448,404.40"
2023-04-23,252.00,253.00,247.00,250.20,-0.91,"33,988.00","8,496,462.20"
2023-04-20,257.00,257.00,252.50,252.50,-1.56,"28,967.00","7,339,710.40"
2023-04-19,257.00,257.00,253.00,256.50,0.79,"23,342.00","5,944,550.60"
2023-04-18,259.90,259.90,252.00,254.50,-0.2,"11,416.00","2,902,100.10"
2023-04-17,260.00,261.90,254.00,255.00,-1.54,"24,424.00","6,233,972.10"
2023-04-16,261.00,265.00,256.60,259.00,-0.69,"19,141.00","4,965,073.10"
2023-04-13,269.00,270.00,260.00,260.80,-2.32,"18,944.00","4,998,554.20"
2023-04-12,255.60,269.00,255.60,267.00,4.71,"45,942.00","12,097,141.10"
2023-04-11,255.00,260.10,252.00,255.00,1.23,"21,522.00","5,478,699.40"
2023-04-10,253.00,254.00,250.30,251.90,0.52,"18,049.00","4,541,457.50"
2023-04-09,255.00,255.00,250.00,250.60,-1.34,"24,651.00","6,200,674.90"
2023-04-06,263.00,263.00,253.30,254.00,-2.27,"37,955.00","9,668,198.10"
2023-04-05,254.90,266.00,250.10,259.90,3.55,"50,698.00","12,890,016.80"
2023-04-04,252.00,254.10,250.60,251.00,-0.4,"38,488.00","9,707,144.80"
2023-04-03,255.00,255.00,251.20,252.00,-1.18,"22,669.00","5,715,543.20"
2023-04-02,258.00,259.00,253.50,255.00,-0.89,"26,755.00","6,831,182.50"
2023-03-30,256.00,260.00,256.00,257.30,0.16,"21,837.00","5,627,470.30"
2023-03-29,257.00,258.90,255.00,256.90,-1.15,"24,150.00","6,184,230.10"
2023-03-28,263.00,263.00,255.00,259.90,0.54,"28,112.00","7,293,778.50"
2023-03-27,259.00,259.00,252.80,258.50,0.58,"76,860.00","19,558,146.70"
2023-03-26,264.00,264.00,256.50,257.00,-1.15,"42,724.00","11,031,704.30"
2023-03-23,258.30,264.00,258.00,260.00,-0.38,"37,870.00","9,821,391.80"
2023-03-22,265.00,266.00,260.00,261.00,-1.51,"24,406.00","6,393,572.10"
2023-03-20,265.00,265.00,260.70,265.00,1.18,"28,380.00","7,432,663.20"
2023-03-19,261.00,264.10,260.00,261.90,-0.61,"26,915.00","7,030,890.50"
2023-03-16,266.00,266.00,260.20,263.50,0.19,"31,805.00","8,321,999.60"
2023-03-15,266.00,266.00,261.70,263.00,-0.9,"24,921.00","6,546,164.60"
2023-03-14,266.00,266.00,262.10,265.40,1.3,"22,913.00","6,050,363.60"
2023-03-13,266.00,267.00,262.00,262.00,-1.5,"27,498.00","7,243,713.80"
2023-03-12,273.00,275.00,264.00,266.00,-2.56,"54,867.00","14,660,234.70"
2023-03-09,268.00,273.00,267.10,273.00,3.02,"46,992.00","12,667,359.30"
2023-03-07,263.90,266.00,261.00,265.00,2.08,"43,091.00","11,411,168.90"
2023-03-05,265.00,265.00,258.00,259.60,-0.35,"39,021.00","10,108,192.20"
2023-03-02,263.00,264.00,260.00,260.50,-0.8,"54,841.00","14,333,228.90"
2023-03-01,267.00,269.00,262.50,262.60,-1.46,"45,356.00","12,007,835.10"
2023-02-28,268.00,270.00,265.60,266.50,-0.56,"21,270.00","5,691,338.00"
2023-02-27,270.10,273.90,265.00,268.00,-0.37,"34,192.00","9,163,753.90"
2023-02-26,266.50,270.30,264.50,269.00,-0.33,"59,277.00","15,825,927.20"
2023-02-23,273.00,273.00,266.70,269.90,-0.74,"80,562.00","21,750,365.00"
2023-02-22,272.00,273.40,267.00,271.90,1.64,"48,226.00","13,007,346.50"
2023-02-20,268.00,271.50,266.60,267.50,-0.22,"49,510.00","13,266,696.20"
2023-02-16,276.90,276.90,268.00,268.10,-1.43,"58,829.00","15,916,417.10"
2023-02-15,274.00,276.00,270.10,272.00,-0.98,"38,601.00","10,511,141.40"
2023-02-14,279.00,280.00,274.00,274.70,-1.54,"61,876.00","17,087,498.00"
2023-02-12,285.00,286.00,277.00,279.00,-3.73,"66,278.00","18,579,293.70"
2023-02-09,294.90,294.90,284.00,289.80,-0.07,"67,882.00","19,428,689.00"
2023-02-08,286.00,295.00,285.00,290.00,2.29,"185,312.00","53,764,838.00"
2023-02-07,277.00,287.90,272.00,283.50,3.85,"66,378.00","18,543,274.40"
2023-02-06,268.30,274.00,268.30,273.00,0.74,"52,025.00","14,135,704.20"
2023-02-05,273.30,273.30,267.90,271.00,1.12,"97,996.00","26,540,298.90"
2023-02-02,270.00,273.00,267.50,268.00,-0.37,"41,477.00","11,163,064.80"
2023-02-01,266.00,271.00,265.00,269.00,0.6,"222,055.00","59,339,444.30"
2023-01-31,270.00,270.00,264.50,267.40,-0.82,"72,386.00","19,320,667.30"
2023-01-30,270.60,275.00,269.50,269.60,-1.61,"46,217.00","12,537,377.10"
2023-01-29,275.30,279.90,273.10,274.00,-0.47,"42,044.00","11,599,806.90"
2023-01-26,280.00,280.00,274.00,275.30,-0.25,"25,935.00","7,166,195.00"
2023-01-25,277.00,282.30,273.20,276.00,1.47,"49,022.00","13,641,943.50"
2023-01-24,275.10,281.00,272.00,272.00,-2.51,"92,618.00","25,537,717.00"
2023-01-23,282.00,287.00,278.00,279.00,-1.1,"80,156.00","22,527,250.20"
2023-01-19,284.00,288.00,281.00,282.10,-0.67,"59,141.00","16,774,749.40"
2023-01-18,289.00,291.00,283.00,284.00,-0.35,"93,016.00","26,575,888.50"
2023-01-17,294.00,294.00,285.00,285.00,-2.73,"84,845.00","24,419,527.20"
2023-01-12,301.90,307.00,288.00,293.00,-1.01,"157,567.00","46,593,569.80"
2023-01-10,290.00,305.50,290.00,296.00,0.34,"450,504.00","133,806,169.90"
2023-01-09,277.00,295.00,277.00,295.00,5.55,"144,622.00","41,521,143.80"
2023-01-08,277.00,282.00,277.00,279.50,0.79,"106,809.00","29,901,964.80"
2023-01-05,281.00,281.00,274.00,277.30,0.11,"87,289.00","24,265,117.30"
2023-01-04,275.00,278.90,273.00,277.00,0.76,"55,521.00","15,296,579.90"
2023-01-03,276.00,277.00,274.10,274.90,-1.08,"38,050.00","10,470,962.60"
2023-01-02,281.90,281.90,273.60,277.90,-0.39,"56,863.00","15,775,682.60"
2023-01-01,281.00,284.00,275.00,279.00,-0.36,"72,930.00","20,350,308.10"
2022-12-29,275.30,280.00,270.10,280.00,-0.31,"92,934.00","25,727,613.20"
2022-12-28,285.50,288.60,281.40,286.50,-0.21,"112,881.00","32,208,156.80"
2022-12-27,277.90,290.00,277.90,287.10,3.31,"73,968.00","21,082,448.80"
2022-12-26,271.00,278.00,270.00,277.90,3.0,"55,877.00","15,350,408.00"
2022-12-22,271.80,271.80,265.00,269.80,1.24,"41,644.00","11,187,049.80"
2022-12-21,266.00,270.00,266.00,266.50,0.57,"23,435.00","6,285,075.40"
2022-12-20,266.00,268.00,264.10,265.00,0.38,"27,742.00","7,370,138.90"
2022-12-19,267.00,267.00,262.30,264.00,0.15,"31,488.00","8,315,360.80"
2022-12-18,271.50,271.50,259.10,263.60,-4.84,"115,056.00","30,341,832.70"
2022-12-15,277.00,278.00,275.00,277.00,0.36,"19,693.00","5,433,355.50"
2022-12-14,274.00,277.00,274.00,276.00,-0.14,"11,493.00","3,165,774.10"
2022-12-13,277.00,277.00,274.00,276.40,-0.22,"128,136.00","35,150,426.90"
2022-12-12,274.00,277.00,273.00,277.00,1.09,"15,664.00","4,300,204.70"
2022-12-11,276.10,278.00,273.20,274.00,-0.54,"32,587.00","8,949,014.50"
2022-12-07,278.00,280.00,275.50,275.50,-0.9,"29,175.00","8,080,033.40"
2022-12-06,280.00,280.00,274.40,278.00,-0.71,"12,873.00","3,571,560.50"
2022-12-05,286.00,286.00,278.00,280.00,-0.71,"23,499.00","6,580,277.90"
2022-12-04,283.00,287.00,280.00,282.00,-0.49,"24,174.00","6,824,406.80"
2022-12-01,285.00,285.00,278.20,283.40,0.89,"27,071.00","7,599,131.90"
2022-11-30,282.00,285.00,280.50,280.90,-0.74,"15,012.00","4,221,526.10"
2022-11-29,288.00,288.00,280.50,283.00,-0.04,"40,315.00","11,338,547.20"
2022-11-28,288.90,288.90,282.60,283.10,-0.56,"24,213.00","6,875,575.60"
2022-11-27,287.00,289.00,281.50,284.70,-0.8,"26,457.00","7,528,304.60"
2022-11-24,288.00,289.00,284.50,287.00,0.35,"19,313.00","5,532,658.60"
2022-11-23,285.00,286.00,280.00,286.00,1.06,"449,551.00","127,740,475.50"
2022-11-22,285.00,290.00,278.00,283.00,1.07,"430,031.00","121,608,598.50"
2022-11-17,280.00,281.60,275.00,280.00,1.82,"27,646.00","7,692,043.20"
2022-11-16,272.00,276.00,272.00,275.00,0.73,"23,780.00","6,504,518.40"
2022-11-15,274.00,274.00,271.80,273.00,0.0,"8,201.00","2,237,252.30"
2022-11-14,275.00,275.00,269.50,273.00,0.55,"23,104.00","6,255,451.40"
2022-11-13,270.00,275.00,270.00,271.50,-0.18,"24,377.00","6,619,573.60"
2022-11-10,280.00,280.00,271.60,272.00,-1.05,"25,067.00","6,835,824.00"
2022-11-09,282.00,282.00,273.00,274.90,-0.76,"20,214.00","5,556,541.30"
2022-11-08,281.50,281.50,275.00,277.00,-0.36,"14,206.00","3,926,109.80"
2022-11-07,273.00,282.50,273.00,278.00,-0.11,"36,885.00","10,290,945.70"
2022-11-06,275.50,279.00,270.00,278.30,1.02,"31,350.00","8,685,600.90"
2022-11-03,278.00,279.90,275.50,275.50,-0.97,"25,552.00","7,073,623.80"
2022-11-02,286.00,286.00,278.10,278.20,-1.0,"39,298.00","11,018,304.80"
2022-11-01,279.00,282.00,271.20,281.00,2.55,"30,087.00","8,374,344.50"
2022-10-31,274.00,276.40,268.10,274.00,0.0,"36,886.00","10,013,139.20"
2022-10-23,268.60,275.00,267.00,274.00,0.0,"118,792.00","32,018,770.40"
2022-10-20,272.00,275.00,270.00,274.00,1.11,"12,346.00","3,377,955.80"
2022-10-19,275.00,275.00,269.70,271.00,-0.73,"24,391.00","6,612,819.70"
2022-10-17,272.00,277.00,270.00,273.00,0.37,"18,365.00","5,047,632.40"
2022-10-16,272.00,272.00,270.00,272.00,0.37,"16,408.00","4,443,096.00"
2022-10-13,275.00,275.40,269.00,271.00,0.37,"29,140.00","7,904,450.70"
2022-10-12,276.40,276.40,268.00,270.00,-0.37,"34,971.00","9,469,568.30"
2022-10-11,275.00,275.00,269.00,271.00,-0.91,"27,905.00","7,550,340.25"
2022-10-10,281.00,281.00,273.50,273.50,-1.26,"25,333.00","6,996,928.40"
2022-10-09,275.00,278.00,273.10,277.00,0.73,"39,942.00","11,008,995.60"
2022-09-29,274.00,275.50,272.00,275.00,1.1,"14,943.00","4,096,912.30"
2022-09-28,274.00,274.00,270.10,272.00,1.12,"10,963.00","2,980,716.20"
2022-09-27,269.00,269.60,265.50,269.00,1.47,"20,955.00","5,610,998.30"
2022-09-25,272.00,272.00,263.00,265.10,-0.71,"37,923.00","10,078,376.00"
2022-09-22,268.00,270.00,265.00,267.00,-0.37,"26,496.00","7,080,252.20"
2022-09-21,268.90,268.90,265.00,268.00,1.48,"16,089.00","4,292,381.50"
2022-09-20,266.40,269.00,264.00,264.10,-0.86,"47,921.00","12,690,292.40"
2022-09-18,265.00,270.90,265.00,266.40,-1.33,"31,368.00","8,389,923.60"
2022-09-16,267.00,270.30,263.00,270.00,-0.18,"36,954.00","9,858,472.70"
2022-09-15,279.00,280.00,270.50,270.50,-3.05,"23,462.00","6,422,882.30"
2022-09-14,274.00,279.00,273.00,279.00,2.57,"27,683.00","7,659,676.10"
2022-09-13,265.00,275.00,265.00,272.00,0.74,"27,618.00","7,506,651.60"
2022-09-12,270.00,271.00,268.00,270.00,-0.37,"26,170.00","7,050,106.90"
2022-09-11,269.00,276.00,269.00,271.00,-0.91,"41,777.00","11,343,799.50"
2022-09-08,270.00,276.00,270.00,273.50,-0.55,"31,386.00","8,570,935.10"
2022-09-07,271.00,277.40,271.00,275.00,-0.47,"17,964.00","4,944,549.20"
2022-09-06,280.00,280.00,276.00,276.30,-0.54,"15,469.00","4,290,748.70"
2022-09-05,278.00,282.50,277.60,277.80,0.29,"16,478.00","4,589,820.80"
2022-09-04,276.00,281.40,276.00,277.00,-0.54,"30,817.00","8,595,377.00"
2022-09-02,274.00,283.00,274.00,278.50,-0.18,"14,790.00","4,127,468.30"
2022-09-01,280.00,283.00,277.50,279.00,-0.36,"21,237.00","5,922,492.40"
2022-08-31,277.00,286.00,277.00,280.00,-0.71,"25,196.00","7,080,018.50"
2022-08-30,285.00,285.00,279.00,282.00,0.53,"51,889.00","14,546,962.50"
2022-08-29,276.00,283.50,276.00,280.50,-0.36,"23,000.00","6,453,206.20"
2022-08-28,280.00,286.00,280.00,281.50,-0.57,"28,659.00","8,085,838.60"
2022-08-26,284.00,289.60,283.00,283.10,-1.53,"12,726.00","3,608,747.34"
2022-08-25,282.00,291.00,282.00,287.50,0.0,"37,275.00","10,696,403.20"
2022-08-24,282.00,292.00,282.00,287.50,0.14,"28,445.00","8,183,108.70"
2022-08-23,282.00,290.00,282.00,287.10,0.0,"41,351.00","11,900,310.50"
2022-08-22,290.00,290.00,285.30,287.10,-0.31,"17,736.00","5,097,916.30"
2022-08-21,289.00,293.00,287.00,288.00,-0.21,"35,031.00","10,128,509.50"
2022-08-18,285.00,290.00,285.00,288.60,0.91,"34,582.00","9,957,168.70"
2022-08-17,283.29,290.00,283.29,286.00,0.0,"26,409.00","7,583,606.40"
2022-08-16,290.00,295.00,285.50,286.00,-1.04,"29,854.00","8,632,270.80"
2022-08-15,278.00,289.10,278.00,289.00,1.94,"37,036.00","10,617,581.40"
2022-08-14,290.00,290.00,282.00,283.50,-1.05,"45,214.00","12,875,476.70"
2022-08-11,292.00,292.00,285.00,286.50,0.07,"24,352.00","6,990,210.10"
2022-08-10,288.10,293.80,282.00,286.30,-0.69,"71,838.00","20,571,242.70"
2022-08-09,292.00,294.00,288.30,288.30,-1.27,"39,968.00","11,639,832.60"
2022-08-08,286.20,297.00,286.20,292.00,0.0,"48,779.00","14,351,603.80"
2022-08-07,293.00,298.00,291.00,292.00,-1.28,"56,812.00","16,688,098.80"
2022-08-05,304.90,304.90,293.10,295.80,-1.07,"58,128.00","17,249,282.00"
2022-08-04,307.00,308.00,296.00,299.00,-2.92,"107,676.00","32,446,725.30"
2022-08-03,308.00,316.00,308.00,308.00,-1.28,"103,263.00","32,218,548.30"
2022-08-02,310.00,316.20,307.00,312.00,-0.61,"65,851.00","20,419,297.30"
2022-08-01,313.00,317.50,306.00,313.90,2.25,"140,634.00","44,106,967.40"
2022-07-31,299.00,307.80,293.10,307.00,4.42,"134,627.00","40,609,642.60"
2022-07-29,296.00,296.00,293.00,294.00,-0.51,"50,584.00","14,906,087.50"
2022-07-28,297.10,302.00,295.20,295.50,-0.34,"63,932.00","19,057,188.70"
2022-07-27,297.00,301.00,294.20,296.50,-1.17,"50,980.00","15,130,105.30"
2022-07-26,310.00,310.00,298.20,300.00,-2.91,"62,892.00","18,947,964.30"
2022-07-25,303.00,310.00,300.00,309.00,3.41,"111,866.00","34,135,924.30"
2022-07-24,295.00,299.90,292.00,298.80,2.33,"46,564.00","13,751,377.40"
2022-07-22,292.30,296.00,291.60,292.00,-1.35,"23,093.00","6,756,009.70"
2022-07-21,295.00,300.00,293.50,296.00,0.34,"53,939.00","16,013,677.10"
2022-07-20,302.00,302.00,295.00,295.00,-1.01,"39,232.00","11,652,852.60"
2022-07-19,290.10,301.40,290.10,298.00,0.85,"84,289.00","25,094,170.70"
2022-07-18,296.80,296.80,290.00,295.50,-0.44,"51,499.00","15,086,509.90"
2022-07-17,293.00,298.00,290.00,296.80,-0.4,"76,549.00","22,528,449.80"
2022-07-15,295.50,298.00,286.00,298.00,2.76,"116,827.00","34,386,924.60"
2022-07-14,294.40,294.40,282.00,290.00,0.35,"88,906.00","25,589,799.70"
2022-07-13,280.10,290.00,270.00,289.00,3.58,"275,473.00","75,978,979.40"
2022-07-12,270.00,279.00,267.00,279.00,3.3,"144,350.00","38,981,955.20"
2022-07-11,280.00,280.00,269.00,270.10,-4.25,"117,431.00","31,942,032.90"
2022-07-08,283.00,288.60,282.00,282.10,-1.98,"33,421.00","9,462,881.30"
2022-07-07,291.50,292.00,284.00,287.80,0.56,"162,340.00","46,392,999.10"
2022-07-06,284.00,288.00,282.00,286.20,-0.97,"51,561.00","14,673,270.90"
2022-07-05,290.00,295.00,285.20,289.00,-0.34,"82,508.00","23,823,304.70"
2022-07-04,296.80,302.00,289.10,290.00,-0.34,"165,844.00","49,118,984.30"
2022-07-03,290.00,292.00,287.00,291.00,0.34,"59,961.00","17,376,970.10"
2022-07-01,296.00,296.00,286.00,290.00,-1.02,"58,511.00","16,975,300.50"
2022-06-30,282.00,294.80,279.00,293.00,5.02,"110,939.00","31,926,419.00"
2022-06-29,273.90,279.20,269.00,279.00,1.94,"46,304.00","12,816,685.80"
2022-06-28,270.00,276.00,269.10,273.70,0.26,"77,496.00","21,044,346.30"
2022-06-27,282.50,283.00,271.30,273.00,-1.44,"79,301.00","21,787,081.90"
2022-06-26,274.00,279.80,269.00,277.00,2.97,"148,895.00","40,792,037.50"
2022-06-24,270.00,272.30,265.50,269.00,0.04,"23,536.00","6,336,312.20"
2022-06-23,270.00,273.00,266.00,268.90,-1.86,"103,270.00","27,739,665.00"
2022-06-22,280.80,280.90,273.00,274.00,-1.08,"97,334.00","26,752,710.20"
2022-06-21,270.00,279.00,270.00,277.00,2.21,"93,299.00","25,536,455.60"
2022-06-20,275.10,279.90,270.00,271.00,-2.83,"132,897.00","36,136,497.10"
2022-06-19,283.00,283.00,277.50,278.90,-0.39,"38,058.00","10,631,270.70"
2022-06-17,288.00,288.00,279.90,280.00,-1.41,"29,640.00","8,329,878.00"
2022-06-16,285.70,288.00,279.00,284.00,1.39,"44,007.00","12,430,782.30"
2022-06-15,284.00,285.00,280.00,280.10,-1.93,"62,140.00","17,491,728.40"
2022-06-14,286.00,291.00,283.50,285.60,-0.49,"51,556.00","14,684,171.40"
2022-06-13,295.00,295.00,287.00,287.00,-1.07,"35,984.00","10,424,984.60"
2022-06-10,290.10,292.00,289.70,290.10,-0.31,"19,263.00","5,600,547.80"
2022-06-09,290.00,300.00,290.00,291.00,-0.68,"39,566.00","11,659,662.40"
2022-06-08,287.60,297.00,284.00,293.00,1.88,"38,863.00","11,425,464.20"
2022-06-07,292.10,299.00,286.20,287.60,-2.44,"51,706.00","14,966,318.80"
2022-06-06,298.00,301.00,290.00,294.80,0.27,"35,938.00","10,615,278.10"
2022-06-03,298.00,299.00,292.00,294.00,-1.34,"48,065.00","14,170,869.60"
2022-06-02,296.00,302.90,296.00,298.00,-0.33,"33,731.00","10,022,094.20"
2022-06-01,303.00,303.00,294.70,299.00,0.34,"30,125.00","8,950,912.30"
2022-05-31,296.10,300.20,296.10,298.00,-0.67,"45,100.00","13,429,628.70"
2022-05-30,303.00,307.00,297.00,300.00,-1.96,"51,590.00","15,473,352.90"
2022-05-27,311.00,313.00,304.00,306.00,0.0,"22,700.00","6,953,033.10"
2022-05-26,305.20,310.00,303.60,306.00,0.99,"35,399.00","10,852,173.40"
2022-05-25,307.00,307.00,300.00,303.00,0.66,"32,127.00","9,697,433.50"
2022-05-24,300.00,305.00,300.00,301.00,0.33,"24,649.00","7,459,431.10"
2022-05-23,307.00,307.00,299.80,300.00,-2.28,"70,418.00","21,193,803.20"
2022-05-20,302.00,310.00,302.00,307.00,-0.32,"15,290.00","4,696,728.70"
2022-05-19,314.50,314.50,305.30,308.00,-0.16,"21,869.00","6,736,929.60"
2022-05-18,303.10,309.00,303.10,308.50,0.16,"20,566.00","6,297,641.50"
2022-05-17,313.00,315.00,305.00,308.00,-3.45,"45,322.00","14,010,606.30"
2022-05-12,320.00,323.00,315.00,319.00,0.44,"44,934.00","14,304,056.90"
2022-05-11,317.00,318.00,311.10,317.60,1.6,"50,744.00","15,974,359.70"
2022-05-10,310.90,314.00,306.00,312.60,2.16,"17,327.00","5,388,440.50"
2022-05-09,302.00,311.00,302.00,306.00,0.0,"41,687.00","12,859,761.80"
2022-05-08,303.00,307.00,296.20,306.00,0.96,"76,740.00","23,025,899.80"
2022-05-05,309.60,312.00,300.00,303.10,-2.1,"125,361.00","37,933,055.90"
2022-05-04,313.00,316.00,309.20,309.60,-1.09,"52,931.00","16,442,770.40"
2022-05-02,315.00,318.00,312.00,313.00,-0.79,"45,743.00","14,339,533.70"
2022-04-28,322.00,322.00,315.00,315.50,-0.79,"53,053.00","16,805,321.50"
2022-04-27,317.00,320.00,315.30,318.00,0.32,"50,618.00","16,019,979.50"
2022-04-26,319.00,321.90,316.60,317.00,-0.63,"19,984.00","6,360,831.10"
2022-04-25,326.10,327.30,316.10,319.00,-1.27,"72,698.00","23,248,443.90"
2022-04-24,315.30,325.00,315.30,323.10,2.57,"61,924.00","19,848,711.60"
2022-04-21,320.00,320.00,310.00,315.00,-0.76,"61,413.00","19,223,829.90"
2022-04-20,326.00,326.00,313.60,317.40,-0.81,"31,792.00","10,093,133.10"
2022-04-19,318.10,321.00,315.00,320.00,0.63,"26,799.00","8,539,764.50"
2022-04-18,317.00,319.90,317.00,318.00,-0.22,"34,392.00","10,938,792.40"
2022-04-17,331.00,331.00,318.00,318.70,-1.94,"87,986.00","28,282,430.60"
2022-04-13,320.00,325.00,312.00,325.00,2.2,"55,113.00","17,509,555.60"
2022-04-12,321.50,321.50,313.20,318.00,-0.93,"95,956.00","30,317,697.00"
2022-04-11,326.00,333.00,321.00,321.00,-1.23,"47,864.00","15,573,251.90"
2022-04-07,320.00,326.40,316.00,325.00,2.85,"80,818.00","25,924,650.20"
2022-04-06,319.00,322.90,315.20,316.00,-0.94,"114,218.00","36,235,902.40"
2022-04-05,322.00,326.00,317.00,319.00,-1.21,"93,019.00","29,692,932.00"
2022-04-04,329.90,329.90,322.10,322.90,-0.34,"50,429.00","16,318,228.80"
2022-04-03,326.00,326.00,322.00,324.00,-0.31,"41,368.00","13,396,594.00"
2022-03-31,330.00,334.80,324.00,325.00,-1.22,"118,011.00","38,618,321.20"
2022-03-30,326.00,330.00,325.00,329.00,0.95,"57,174.00","18,717,558.60"
2022-03-29,335.00,335.00,325.00,325.90,-0.79,"66,976.00","21,885,854.60"
2022-03-28,333.00,335.00,328.50,328.50,-1.35,"88,221.00","29,164,159.50"
2022-03-27,339.00,340.00,332.20,333.00,-1.19,"62,037.00","20,794,370.10"
2022-03-24,335.00,345.00,335.00,337.00,-0.88,"51,236.00","17,349,262.90"
2022-03-23,345.00,349.00,339.00,340.00,-1.45,"80,637.00","27,489,317.80"
2022-03-22,345.00,350.00,344.00,345.00,-0.14,"51,851.00","17,917,709.20"
2022-03-21,345.00,346.80,338.00,345.50,1.62,"174,932.00","59,399,797.40"
2022-03-20,343.00,345.00,337.10,340.00,-0.58,"175,968.00","59,709,601.80"
2022-03-16,348.00,350.00,341.00,342.00,-1.72,"49,372.00","16,937,497.90"
2022-03-15,350.10,353.00,344.00,348.00,-0.85,"109,177.00","37,836,877.30"
2022-03-14,356.90,356.90,349.30,351.00,-1.13,"29,615.00","10,397,061.90"
2022-03-13,352.30,355.00,348.00,355.00,2.75,"188,553.00","66,443,322.40"
2022-03-10,337.00,346.50,333.00,345.50,2.52,"231,402.00","77,482,366.70"
2022-03-09,340.00,340.00,332.00,337.00,0.3,"40,006.00","13,390,770.50"
2022-03-07,331.90,339.80,331.00,336.00,1.88,"293,629.00","98,789,007.70"
2022-03-06,333.50,335.90,328.20,329.80,0.79,"59,635.00","19,777,064.20"
2022-03-02,333.00,336.00,327.10,327.20,-1.74,"217,129.00","71,603,820.80"
2022-02-28,342.00,342.20,332.00,333.00,-0.75,"73,577.00","24,674,553.50"
2022-02-27,333.20,342.00,333.20,335.50,-1.29,"54,081.00","18,217,383.00"
2022-02-24,345.80,349.00,337.20,339.90,-1.71,"87,319.00","29,697,466.80"
2022-02-23,344.00,350.00,344.00,345.80,0.2,"41,263.00","14,264,925.90"
2022-02-22,352.90,352.90,344.60,345.10,-0.78,"91,174.00","31,610,429.60"
2022-02-21,345.00,349.80,339.00,347.80,1.4,"33,554.00","11,577,760.60"
2022-02-20,345.00,350.00,336.20,343.00,-2.0,"42,187.00","14,530,100.40"
2022-02-17,352.00,355.00,349.00,350.00,-0.43,"35,746.00","12,552,841.20"
2022-02-16,356.00,356.00,350.00,351.50,0.43,"45,340.00","15,916,830.10"
2022-02-15,346.00,352.90,345.20,350.00,1.16,"42,393.00","14,743,652.60"
2022-02-14,350.00,357.00,344.00,346.00,0.0,"45,987.00","16,007,559.00"
2022-02-13,355.00,355.00,343.00,346.00,-3.08,"94,758.00","33,024,853.10"
2022-02-10,361.00,363.00,356.00,357.00,-1.11,"52,118.00","18,709,975.30"
2022-02-09,362.00,364.50,358.00,361.00,-0.28,"70,502.00","25,327,279.30"
2022-02-08,372.30,373.00,361.00,362.00,-0.82,"97,164.00","35,641,664.80"
2022-02-07,365.00,369.90,364.00,365.00,-0.27,"101,611.00","37,127,008.90"
2022-02-06,377.90,377.90,363.50,366.00,-1.21,"71,088.00","26,021,851.50"
2022-02-03,380.00,382.50,370.00,370.50,-1.2,"114,244.00","42,650,667.10"
2022-02-01,373.00,377.90,368.00,375.00,0.54,"94,788.00","35,493,532.50"
2022-01-31,383.00,383.60,371.00,373.00,-0.82,"54,439.00","20,349,141.50"
2022-01-30,366.00,379.00,366.00,376.10,3.61,"92,895.00","34,628,825.10"
2022-01-27,365.00,371.70,362.00,363.00,-0.41,"38,904.00","14,180,978.70"
2022-01-26,370.10,373.00,362.10,364.50,-1.49,"122,146.00","44,905,536.00"
2022-01-25,365.60,376.00,357.70,370.00,-0.8,"255,756.00","94,388,778.30"
2022-01-24,390.00,390.00,371.00,373.00,-3.39,"154,602.00","58,116,625.90"
2022-01-23,396.00,400.00,385.00,386.10,-0.75,"185,650.00","72,357,442.60"
2022-01-20,383.00,391.00,382.00,389.00,0.26,"241,897.00","93,135,475.80"
2022-01-19,390.00,397.00,383.00,388.00,-0.77,"102,036.00","39,484,997.60"
2022-01-18,395.00,402.00,387.00,391.00,-0.51,"176,346.00","69,714,070.80"
2022-01-17,399.80,401.40,386.20,393.00,0.26,"101,121.00","39,925,959.30"
2022-01-16,383.00,392.00,383.00,392.00,2.89,"116,769.00","45,423,398.00"
2022-01-13,372.10,383.00,372.10,381.00,0.47,"58,945.00","22,360,979.40"
2022-01-12,380.30,390.10,379.00,379.20,-2.27,"86,256.00","33,122,597.00"
2022-01-11,377.30,390.00,377.30,388.00,0.78,"102,075.00","39,389,690.80"
2022-01-10,395.00,395.00,379.00,385.00,-0.9,"133,890.00","51,494,620.90"
2022-01-09,380.40,392.00,374.00,388.50,4.16,"158,906.00","61,062,462.50"
2022-01-06,357.70,373.90,356.00,373.00,2.22,"230,543.00","83,739,750.20"
2022-01-05,365.00,376.00,359.00,364.90,-0.03,"107,348.00","39,239,533.10"
2022-01-04,351.00,365.00,347.00,365.00,3.99,"159,483.00","56,802,661.60"
2022-01-03,345.00,351.00,341.20,351.00,2.81,"82,228.00","28,596,288.50"
2022-01-02,341.00,345.00,340.00,341.40,0.44,"64,624.00","22,080,511.50"
2021-12-29,340.00,342.00,336.10,339.90,0.27,"63,277.00","21,413,938.00"
2021-12-28,339.00,340.00,333.00,339.00,0.0,"64,076.00","21,576,976.60"
2021-12-27,355.00,356.90,338.00,339.00,-3.97,"125,182.00","43,194,441.30"
2021-12-26,355.00,355.00,349.00,353.00,0.86,"71,876.00","25,266,351.00"
2021-12-23,354.00,355.00,344.00,350.00,0.43,"85,104.00","29,827,657.70"
2021-12-22,345.00,352.90,344.00,348.50,2.8,"84,645.00","29,467,473.40"
2021-12-21,339.00,340.00,330.00,339.00,1.19,"55,331.00","18,667,861.60"
2021-12-20,338.00,340.00,330.80,335.00,-0.74,"64,968.00","21,669,810.20"
2021-12-16,331.10,339.60,331.00,337.50,0.15,"54,541.00","18,369,272.90"
2021-12-15,342.70,357.00,335.00,337.00,0.3,"90,333.00","31,119,988.40"
2021-12-14,322.00,336.00,322.00,336.00,5.33,"60,335.00","19,950,658.00"
2021-12-13,330.00,330.00,317.00,319.00,-4.2,"111,283.00","35,597,632.70"
2021-12-12,350.00,350.00,330.50,333.00,-3.48,"84,988.00","28,407,131.50"
2021-12-09,354.90,354.90,342.00,345.00,-2.54,"77,127.00","26,610,563.20"
2021-12-08,365.00,368.00,353.00,354.00,-3.83,"76,439.00","27,360,407.00"
2021-12-07,378.00,380.00,367.00,368.10,-2.79,"151,300.00","56,463,021.90"
2021-12-06,430.40,433.00,421.20,431.70,2.3,"290,753.00","124,553,910.30"
2021-12-05,439.00,439.00,421.00,422.00,-2.99,"121,302.00","51,699,745.50"
2021-12-02,440.00,444.00,432.00,435.00,-0.91,"111,320.00","48,556,396.20"
2021-12-01,440.00,444.00,439.00,439.00,-0.23,"51,523.00","22,749,335.70"
2021-11-30,448.00,448.00,435.00,440.00,0.05,"64,378.00","28,216,616.90"
2021-11-29,430.00,445.70,430.00,439.80,0.41,"63,740.00","28,041,142.10"
2021-11-28,445.00,450.00,437.00,438.00,-1.57,"77,518.00","34,174,112.00"
2021-11-25,445.00,449.00,440.00,445.00,1.25,"94,906.00","42,152,961.10"
2021-11-24,439.00,440.00,433.30,439.50,0.11,"48,115.00","21,049,915.60"
2021-11-23,446.00,447.00,435.00,439.00,-1.68,"156,816.00","68,921,512.10"
2021-11-22,448.00,451.00,445.10,446.50,-0.33,"69,054.00","30,885,793.30"
2021-11-21,450.00,454.00,445.00,448.00,-0.44,"71,962.00","32,200,651.10"
2021-11-18,462.00,462.00,449.00,450.00,-2.49,"107,262.00","48,480,746.00"
2021-11-17,468.50,468.50,459.00,461.50,0.46,"72,269.00","33,323,284.20"
2021-11-16,455.00,459.80,446.00,459.40,2.11,"194,896.00","87,958,263.70"
2021-11-15,458.90,460.00,447.00,449.90,-0.22,"95,462.00","42,992,972.70"
2021-11-14,454.00,459.00,445.00,450.90,-0.68,"69,586.00","31,463,331.90"
2021-11-11,465.00,470.00,453.00,454.00,-2.37,"90,966.00","41,542,892.80"
2021-11-09,473.00,473.00,460.00,465.00,-1.69,"102,887.00","47,791,159.70"
2021-11-08,473.00,480.90,470.00,473.00,0.0,"55,431.00","26,238,813.40"
2021-11-03,479.40,484.00,470.00,473.00,0.64,"128,371.00","60,914,394.60"
2021-11-02,470.10,479.00,467.00,470.00,-0.21,"69,797.00","32,835,384.80"
2021-11-01,483.00,488.00,470.00,471.00,-1.67,"106,343.00","50,697,433.50"
2021-10-31,483.00,484.00,477.00,479.00,-0.31,"142,378.00","68,397,281.30"
2021-10-28,489.00,489.00,478.80,480.50,-1.54,"223,915.00","107,488,756.80"
2021-10-27,490.10,491.00,481.00,488.00,-0.2,"206,435.00","100,396,931.50"
2021-10-26,480.00,489.90,474.00,489.00,3.34,"186,479.00","90,531,315.20"
2021-10-25,460.00,474.00,456.70,473.20,3.98,"226,030.00","105,457,672.50"
2021-10-24,462.00,462.00,453.10,455.10,-1.07,"133,279.00","60,680,864.50"
2021-10-21,467.00,467.00,457.00,460.00,-0.65,"95,687.00","44,132,064.10"
2021-10-20,467.40,485.90,458.00,463.00,0.98,"123,325.00","57,222,598.20"
2021-10-19,468.00,468.00,451.00,458.50,-2.86,"137,334.00","62,904,521.50"
2021-10-18,480.00,480.00,466.00,472.00,-2.48,"157,783.00","74,616,110.80"
2021-10-17,494.20,494.30,483.00,484.00,-0.21,"50,395.00","24,437,792.60"
2021-10-11,485.00,490.00,481.00,485.00,0.0,"217,094.00","105,061,800.20"
2021-10-10,495.00,498.00,484.00,485.00,-0.82,"194,332.00","94,928,745.20"
2021-10-06,491.90,496.90,486.00,489.00,0.23,"217,195.00","106,308,461.40"
2021-10-05,490.00,490.00,484.20,487.90,0.81,"107,470.00","52,309,925.90"
2021-10-04,485.00,488.00,476.00,484.00,-0.21,"234,925.00","113,514,986.70"
2021-10-03,491.00,498.00,484.00,485.00,-1.42,"208,355.00","102,114,719.00"
2021-09-30,502.00,506.00,492.00,492.00,-1.8,"241,679.00","120,077,078.70"
2021-09-29,490.00,501.00,484.30,501.00,2.24,"334,495.00","165,242,872.10"
2021-09-28,501.00,506.90,488.00,490.00,-2.2,"292,994.00","144,563,431.70"
2021-09-27,510.00,515.00,500.00,501.00,-2.68,"255,442.00","128,549,693.00"
2021-09-26,527.30,535.00,511.00,514.80,-0.43,"411,048.00","213,495,313.70"
2021-09-23,499.80,530.00,499.80,517.00,5.51,"522,594.00","271,077,143.00"
2021-09-22,486.50,490.90,478.70,490.00,2.73,"245,312.00","119,221,169.20"
2021-09-21,475.00,485.00,457.70,477.00,0.42,"263,282.00","124,462,161.70"
2021-09-20,500.00,500.00,475.00,475.00,-3.28,"275,013.00","132,043,851.10"
2021-09-16,505.00,505.00,488.00,491.10,-2.56,"373,018.00","183,556,053.70"
2021-09-15,516.00,516.00,502.50,504.00,-1.37,"132,305.00","67,049,427.50"
2021-09-14,516.00,520.00,505.00,511.00,0.1,"177,929.00","90,887,951.90"
2021-09-13,513.00,520.00,505.00,510.50,0.1,"234,400.00","119,855,600.80"
2021-09-12,503.00,514.00,503.00,510.00,1.39,"176,260.00","89,648,437.10"
2021-09-09,504.90,510.00,501.10,503.00,-0.16,"194,308.00","97,993,387.80"
2021-09-08,513.00,513.00,500.00,503.80,-1.79,"252,280.00","127,126,557.40"
2021-09-07,530.00,530.00,509.00,513.00,-2.25,"248,099.00","127,816,369.70"
2021-09-06,499.00,524.90,496.10,524.80,5.17,"368,652.00","188,825,220.20"
2021-09-05,512.00,515.00,492.00,499.00,-2.54,"506,118.00","253,196,103.40"
2021-09-02,525.00,525.00,506.00,512.00,-1.54,"369,890.00","190,118,209.70"
2021-09-01,530.90,530.90,517.00,520.00,-0.1,"346,589.00","181,218,636.40"
2021-08-31,517.00,534.00,507.00,520.50,0.68,"573,185.00","297,469,400.70"
2021-08-29,534.00,535.00,515.10,517.00,-2.08,"394,669.00","205,830,099.50"
2021-08-26,528.00,535.00,520.00,528.00,0.0,"404,489.00","213,359,759.10"
2021-08-25,540.00,540.00,526.00,528.00,-2.22,"371,510.00","196,850,097.60"
2021-08-24,559.20,559.20,535.60,540.00,-3.43,"769,151.00","417,689,019.30"
2021-08-19,575.00,575.00,556.00,559.20,-0.85,"513,605.00","289,670,371.50"
2021-08-18,550.00,575.00,542.00,564.00,2.47,"783,232.00","435,294,934.10"
2021-08-17,561.00,563.00,542.10,550.40,-0.45,"776,126.00","429,259,805.50"
2021-08-16,549.50,572.00,543.00,552.90,2.62,"1,166,463.00","647,024,321.10"
2021-08-15,512.10,548.00,512.10,538.80,7.31,"1,975,908.00","1,054,678,815.20"
2021-08-12,500.00,504.90,492.00,502.10,1.03,"390,089.00","194,220,355.70"
2021-08-11,503.00,503.80,491.00,497.00,0.61,"581,703.00","288,637,155.40"
2021-08-10,488.00,498.00,481.10,494.00,1.86,"285,770.00","140,485,182.80"
2021-08-09,489.90,489.90,482.10,485.00,-0.31,"226,187.00","109,426,220.80"
2021-08-08,491.60,492.00,481.00,486.50,0.93,"324,881.00","157,827,357.00"
2021-08-05,481.00,485.00,479.80,482.00,0.42,"229,935.00","110,711,967.80"
2021-08-04,480.00,487.90,477.00,480.00,0.21,"270,441.00","130,154,844.50"
2021-08-03,480.00,485.00,475.00,479.00,-0.1,"175,052.00","83,776,887.60"
2021-08-02,480.50,485.00,478.00,479.50,-0.21,"204,462.00","98,284,475.70"
2021-08-01,489.00,489.00,480.50,480.50,-0.72,"327,773.00","158,611,731.90"
2021-07-29,486.10,487.00,481.10,484.00,-0.33,"221,903.00","107,315,213.80"
2021-07-28,500.00,500.00,485.10,485.60,-1.9,"247,483.00","121,067,798.10"
2021-07-27,485.10,497.00,477.00,495.00,0.0,"570,723.00","278,332,212.50"
2021-07-26,513.00,515.00,493.00,495.00,-2.56,"648,314.00","323,115,676.40"
2021-07-25,499.00,509.90,498.00,508.00,3.67,"987,585.00","497,665,182.40"
2021-07-22,466.00,500.00,466.00,490.00,5.15,"745,566.00","360,580,728.20"
2021-07-20,465.00,470.00,461.20,466.00,-0.21,"309,649.00","143,900,661.80"
2021-07-19,469.00,473.90,460.80,467.00,1.52,"406,193.00","190,682,738.60"
2021-07-18,450.00,463.00,445.00,460.00,3.84,"466,455.00","212,336,924.80"
2021-07-15,443.00,444.00,440.00,443.00,0.23,"194,743.00","85,962,036.00"
2021-07-14,445.00,446.00,440.00,442.00,-0.67,"95,862.00","42,370,570.00"
2021-07-13,443.00,447.00,440.00,445.00,0.45,"95,952.00","42,600,406.00"
2021-07-12,456.00,459.00,438.00,443.00,-1.56,"579,926.00","259,474,831.00"
2021-07-11,442.00,450.00,440.00,450.00,2.51,"549,377.00","244,384,600.00"
2021-07-08,436.00,441.00,434.00,439.00,0.92,"491,412.00","215,291,057.00"
2021-07-07,441.00,442.00,433.00,435.00,-0.46,"107,530.00","46,829,008.00"
2021-07-06,458.00,458.00,435.00,437.00,0.0,"312,756.00","136,584,565.00"
2021-07-05,434.00,437.00,431.00,437.00,0.69,"358,785.00","155,694,949.00"
2021-07-04,437.00,440.00,433.00,434.00,-0.69,"100,384.00","43,733,284.00"
2021-07-01,438.00,445.00,437.00,437.00,-0.23,"252,343.00","110,563,222.00"
2021-06-30,460.00,460.00,432.00,438.00,-0.23,"90,642.00","39,400,693.00"
2021-06-29,443.00,446.00,436.00,439.00,-0.9,"253,958.00","112,284,453.00"
2021-06-28,448.00,448.00,442.00,443.00,0.23,"190,048.00","84,540,255.00"
2021-06-27,442.00,448.00,431.00,442.00,1.84,"168,344.00","74,291,107.00"
2021-06-24,438.00,440.00,430.00,434.00,-0.46,"236,213.00","102,594,726.00"
2021-06-23,451.00,452.00,431.00,436.00,-2.02,"196,870.00","85,929,415.00"
2021-06-22,435.00,446.00,432.00,445.00,2.53,"224,081.00","98,751,135.00"
2021-06-21,469.00,469.00,432.00,434.00,-2.91,"341,814.00","149,152,962.00"
2021-06-20,459.00,459.00,438.00,447.00,-1.76,"259,670.00","115,937,873.00"
2021-06-17,462.00,465.00,451.00,455.00,-0.87,"251,972.00","114,769,608.00"
2021-06-16,465.00,471.00,456.00,459.00,0.0,"411,035.00","190,208,463.00"
2021-06-15,475.00,475.00,455.00,459.00,1.32,"616,971.00","284,262,531.00"
2021-06-14,446.00,466.00,446.00,453.00,1.57,"515,818.00","235,854,369.00"
2021-06-13,467.00,467.00,440.00,446.00,0.22,"299,357.00","132,506,408.00"
2021-06-10,452.00,452.00,444.00,445.00,-1.55,"267,443.00","119,532,807.00"
2021-06-09,460.00,462.00,449.00,452.00,-0.44,"287,579.00","130,514,290.00"
2021-06-08,454.00,458.00,448.00,454.00,0.89,"388,836.00","175,925,617.00"
2021-06-07,465.00,467.00,447.00,450.00,-2.17,"474,793.00","215,326,389.00"
2021-06-06,453.00,469.00,450.00,460.00,3.37,"793,652.00","365,229,693.00"
2021-06-03,440.00,449.00,438.00,445.00,1.83,"438,796.00","195,194,844.00"
2021-06-02,411.00,440.00,411.00,437.00,1.16,"134,882.00","58,745,453.00"
2021-06-01,437.00,440.00,429.00,432.00,-0.92,"152,719.00","66,106,828.00"
2021-05-31,450.00,450.00,436.00,436.00,-1.58,"200,142.00","88,340,135.00"
2021-05-30,440.00,453.00,436.00,443.00,1.14,"269,048.00","119,209,004.00"
2021-05-27,425.00,441.00,425.00,438.00,0.0,"176,648.00","77,048,220.00"
2021-05-25,447.00,449.00,438.00,438.00,-1.79,"161,372.00","71,326,478.00"
2021-05-24,450.00,455.00,443.00,446.00,0.68,"372,913.00","167,475,256.00"
2021-05-23,437.00,443.00,425.00,443.00,1.37,"208,441.00","91,394,401.00"
2021-05-20,437.00,441.00,434.00,437.00,0.46,"129,648.00","56,596,635.00"
2021-05-19,430.00,440.00,430.00,435.00,1.64,"230,368.00","100,257,932.00"
2021-05-18,430.00,433.00,426.00,428.00,0.23,"105,881.00","45,255,377.00"
2021-05-17,427.00,433.00,426.00,427.00,0.71,"116,795.00","50,001,690.00"
2021-05-16,424.00,425.00,419.00,424.00,1.19,"146,916.00","62,086,699.00"
2021-05-13,439.00,439.00,416.00,419.00,0.0,"131,406.00","54,888,309.00"
2021-05-12,401.00,422.00,401.00,419.00,0.48,"86,193.00","36,035,999.00"
2021-05-11,420.00,421.00,415.00,417.00,0.0,"245,491.00","102,309,432.00"
2021-05-10,430.00,430.00,414.00,417.00,0.24,"174,057.00","72,527,408.00"
2021-05-09,415.00,422.00,413.00,416.00,-0.48,"89,192.00","37,259,311.00"
2021-05-06,421.00,421.00,416.00,418.00,0.0,"282,992.00","118,428,622.00"
2021-05-05,415.00,423.00,415.00,418.00,0.0,"85,848.00","35,909,767.00"
2021-05-04,425.00,425.00,418.00,418.00,-1.42,"105,632.00","44,339,934.00"
2021-05-03,430.00,430.00,419.00,424.00,-0.47,"115,483.00","48,829,237.00"
2021-05-02,437.00,437.00,414.00,426.00,2.16,"218,159.00","92,229,994.00"
2021-04-29,416.00,420.00,414.00,417.00,0.48,"69,787.00","29,086,788.00"
2021-04-28,429.00,429.00,412.00,415.00,-1.43,"88,360.00","36,907,089.00"
2021-04-27,410.00,423.00,408.00,421.00,2.68,"181,823.00","76,102,931.00"
2021-04-26,422.00,425.00,408.00,410.00,-2.84,"226,939.00","93,823,385.00"
2021-04-25,438.00,438.00,417.00,422.00,-3.65,"237,984.00","100,600,252.00"
2021-04-22,425.00,438.00,425.00,438.00,1.62,"128,723.00","55,430,645.00"
2021-04-21,420.00,440.00,420.00,431.00,-1.6,"154,842.00","66,798,543.00"
2021-04-20,435.00,443.00,431.00,438.00,0.23,"107,307.00","46,871,004.00"
2021-04-19,467.00,467.00,435.00,437.00,-1.8,"132,004.00","57,981,096.00"
2021-04-18,457.00,460.00,443.00,445.00,-2.63,"164,111.00","73,700,879.00"
2021-04-15,459.00,468.00,455.00,457.00,-0.44,"297,744.00","137,399,746.00"
2021-04-13,449.00,460.00,440.00,459.00,3.61,"626,913.00","281,653,256.00"
2021-04-12,445.00,448.00,439.00,443.00,-0.45,"485,755.00","214,613,495.00"
2021-04-08,441.00,446.00,437.00,445.00,0.91,"545,585.00","240,724,738.00"
2021-04-07,442.00,447.00,440.00,441.00,0.0,"98,229.00","43,534,765.00"
2021-04-06,451.00,451.00,437.00,441.00,-0.23,"397,715.00","176,895,890.00"
2021-04-05,455.00,455.00,440.00,442.00,-1.56,"275,978.00","122,446,507.00"
2021-04-04,465.00,465.00,443.00,449.00,1.35,"510,671.00","228,251,082.00"
2021-04-01,465.00,465.00,439.00,443.00,0.0,"132,276.00","58,458,771.00"
2021-03-31,430.00,445.00,427.00,443.00,3.5,"240,990.00","105,833,220.00"
2021-03-30,426.00,428.00,425.00,428.00,0.47,"57,274.00","24,414,632.00"
2021-03-29,433.00,433.00,425.00,426.00,-1.39,"59,193.00","25,293,267.00"
2021-03-25,436.00,438.00,428.00,432.00,-0.23,"136,194.00","58,801,530.00"
2021-03-24,430.00,435.00,430.00,433.00,1.41,"77,841.00","33,684,449.00"
2021-03-23,430.00,433.00,425.00,427.00,-0.7,"136,559.00","58,401,439.00"
2021-03-22,444.00,444.00,429.00,430.00,-1.38,"208,742.00","90,411,528.00"
2021-03-21,437.00,439.00,432.00,436.00,0.23,"216,117.00","94,234,053.00"
2021-03-18,430.00,438.00,430.00,435.00,0.46,"105,426.00","45,849,462.00"
2021-03-17,430.00,434.00,424.00,433.00,1.88,"123,883.00","53,117,776.00"
2021-03-16,430.00,430.00,423.00,425.00,-0.23,"111,282.00","47,410,284.00"
2021-03-15,434.00,435.00,425.00,426.00,-1.84,"188,270.00","80,785,062.00"
2021-03-14,449.00,449.00,431.00,434.00,-3.13,"249,915.00","109,499,830.00"
2021-03-10,460.00,460.00,446.00,448.00,0.22,"151,621.00","68,204,326.00"
2021-03-09,455.00,459.00,446.00,447.00,-1.76,"133,478.00","59,945,960.00"
2021-03-07,456.00,468.00,451.00,455.00,-0.22,"865,950.00","396,993,782.00"
2021-03-04,436.00,459.00,436.00,456.00,2.93,"352,151.00","159,038,142.00"
2021-03-03,440.00,443.00,431.00,443.00,0.0,"286,191.00","125,015,177.00"
2021-03-02,456.00,458.00,436.00,443.00,-2.64,"511,895.00","226,926,162.00"
2021-03-01,469.00,469.00,435.00,455.00,1.79,"449,402.00","202,763,217.00"
2021-02-28,464.00,464.00,443.00,447.00,-3.87,"506,669.00","228,574,639.00"
2021-02-25,480.00,485.00,460.00,465.00,-2.52,"451,444.00","211,394,788.00"
2021-02-24,460.00,491.00,450.00,477.00,5.3,"1,234,985.00","582,575,829.00"
2021-02-23,451.00,455.00,437.00,453.00,0.44,"555,202.00","246,967,805.00"
2021-02-22,465.00,469.00,448.00,451.00,-1.96,"635,162.00","291,462,964.00"
2021-02-21,440.00,464.00,436.00,460.00,4.78,"1,374,307.00","617,475,672.00"
2021-02-18,465.00,465.00,436.00,439.00,-0.9,"489,267.00","215,141,115.00"
2021-02-17,428.00,450.00,426.00,443.00,3.5,"816,723.00","357,314,264.00"
2021-02-16,406.00,433.00,406.00,428.00,5.42,"920,668.00","391,615,451.00"
2021-02-15,400.00,407.00,399.00,406.00,3.05,"718,697.00","289,908,342.00"
2021-02-14,390.00,401.00,385.00,394.00,1.81,"923,290.00","366,026,583.00"
2021-02-11,400.00,400.00,385.00,387.00,-0.51,"242,182.00","94,398,973.00"
2021-02-10,388.00,393.00,380.00,389.00,0.0,"263,890.00","102,635,697.00"
2021-02-09,400.00,402.00,384.00,389.00,-1.52,"267,830.00","104,823,411.00"
2021-02-08,382.00,397.00,375.00,395.00,2.6,"509,191.00","198,307,329.00"
2021-02-07,406.00,406.00,380.00,385.00,-0.52,"211,692.00","81,493,457.00"
2021-02-04,385.00,392.00,382.00,387.00,-0.26,"234,196.00","90,688,655.00"
2021-02-03,385.00,401.00,384.00,388.00,1.84,"739,561.00","290,072,169.00"
2021-02-02,381.00,383.00,375.00,381.00,1.6,"219,398.00","83,261,534.00"
2021-02-01,350.00,380.00,350.00,375.00,1.9,"235,133.00","88,281,745.00"
2021-01-31,375.00,381.00,364.00,368.00,-2.39,"344,454.00","127,715,832.00"
2021-01-28,394.00,394.00,376.00,377.00,-4.31,"538,692.00","205,149,806.00"
2021-01-27,408.00,408.00,390.00,394.00,-3.43,"710,260.00","281,408,871.00"
2021-01-26,390.00,408.00,380.00,408.00,6.53,"1,323,629.00","525,328,469.00"
2021-01-25,360.00,388.00,354.00,383.00,6.98,"768,185.00","286,089,746.00"
2021-01-24,365.00,367.00,356.00,358.00,0.0,"176,837.00","63,425,539.00"
2021-01-21,360.00,360.00,351.00,358.00,1.42,"184,262.00","65,276,380.00"
2021-01-20,370.00,370.00,352.00,353.00,-1.94,"164,604.00","58,281,104.00"
2021-01-19,370.00,370.00,358.00,360.00,-1.1,"122,780.00","44,252,634.00"
2021-01-18,369.00,372.00,362.00,364.00,-1.09,"161,525.00","58,962,436.00"
2021-01-17,367.00,370.00,364.00,368.00,0.55,"215,789.00","78,927,758.00"
2021-01-13,360.00,371.00,360.00,366.00,0.55,"214,753.00","78,472,978.00"
2021-01-12,365.00,365.00,359.00,364.00,0.28,"114,691.00","41,493,026.00"
2021-01-11,363.00,368.00,357.00,363.00,0.28,"181,529.00","65,744,381.00"
2021-01-10,350.00,362.00,346.00,362.00,5.23,"346,937.00","123,098,143.00"
2021-01-07,349.00,349.00,342.00,344.00,0.29,"172,465.00","59,510,352.00"
2021-01-06,342.00,349.00,342.00,343.00,-1.15,"180,527.00","62,540,263.00"
2021-01-05,350.00,350.00,345.00,347.00,-1.42,"95,017.00","33,040,153.00"
2021-01-04,352.00,357.00,346.00,352.00,-0.56,"152,310.00","53,519,763.00"
2021-01-03,339.00,354.00,336.00,354.00,5.04,"303,082.00","104,247,738.00"
2020-12-31,335.00,337.00,326.00,337.00,1.81,"220,480.00","73,589,856.00"
2020-12-30,370.00,371.00,366.00,371.00,1.09,"320,697.00","117,984,021.00"
2020-12-29,370.00,375.00,367.00,367.00,-0.54,"213,536.00","79,025,165.00"
2020-12-28,370.00,371.00,365.00,369.00,-0.27,"191,043.00","70,428,064.00"
2020-12-27,372.00,379.00,367.00,370.00,-1.6,"206,444.00","76,402,603.00"
2020-12-24,386.00,390.00,372.00,376.00,-1.31,"209,935.00","78,813,028.00"
2020-12-23,404.00,404.00,375.00,381.00,-1.04,"304,149.00","116,182,119.00"
2020-12-22,378.00,391.00,374.00,385.00,3.77,"361,790.00","138,567,206.00"
2020-12-21,360.00,382.00,355.00,371.00,0.54,"275,556.00","100,784,231.00"
2020-12-20,390.00,390.00,365.00,369.00,-5.38,"535,617.00","200,902,580.00"
2020-12-17,410.00,410.00,387.00,390.00,-6.25,"961,477.00","378,765,743.00"
2020-12-16,416.00,418.00,409.00,416.00,-0.24,"271,522.00","112,756,523.00"
2020-12-15,415.00,419.00,411.00,417.00,1.46,"544,738.00","226,396,434.00"
2020-12-14,406.00,412.00,403.00,411.00,2.24,"340,722.00","139,149,100.00"
2020-12-13,395.00,403.00,395.00,402.00,2.03,"291,284.00","116,343,462.00"
2020-12-10,387.00,398.00,386.00,394.00,0.77,"229,319.00","90,278,337.00"
2020-12-09,399.00,400.00,390.00,391.00,-2.25,"323,939.00","127,657,150.00"
2020-12-08,397.00,407.00,397.00,400.00,-0.5,"313,233.00","125,998,354.00"
2020-12-07,391.00,405.00,385.00,402.00,2.81,"372,405.00","147,664,544.00"
2020-12-06,393.00,411.00,390.00,391.00,-5.33,"363,988.00","145,803,213.00"
2020-12-03,414.00,420.00,405.00,413.00,1.72,"457,173.00","187,084,677.00"
2020-12-02,400.00,418.00,400.00,406.00,0.74,"407,638.00","164,883,169.00"
2020-12-01,427.00,427.00,397.00,403.00,-0.98,"430,847.00","173,551,045.00"
2020-11-30,418.00,425.00,406.00,407.00,-2.16,"596,420.00","246,075,061.00"
2020-11-29,399.00,425.00,395.00,416.00,5.85,"796,149.00","324,533,018.00"
2020-11-26,412.00,412.00,389.00,393.00,0.0,"643,664.00","255,168,030.00"
2020-11-25,379.00,393.00,378.00,393.00,3.97,"607,493.00","234,150,750.00"
2020-11-24,380.00,380.00,368.00,378.00,2.72,"473,219.00","176,970,283.00"
2020-11-23,355.00,371.00,355.00,368.00,3.66,"831,565.00","302,207,463.00"
2020-11-22,361.00,361.00,345.00,355.00,3.2,"656,067.00","231,798,191.00"
2020-11-19,347.00,348.00,340.00,344.00,-0.29,"216,750.00","74,436,278.00"
2020-11-18,345.00,345.00,338.00,345.00,0.58,"213,663.00","73,039,545.00"
2020-11-12,340.00,343.00,337.00,343.00,1.48,"218,075.00","74,262,331.00"
2020-11-11,342.00,342.00,336.00,338.00,0.3,"83,078.00","27,985,626.00"
2020-11-10,349.00,349.00,333.00,337.00,1.2,"89,510.00","30,072,124.00"
2020-11-09,350.00,350.00,332.00,333.00,-0.89,"170,723.00","57,212,011.00"
2020-11-08,335.00,341.00,333.00,336.00,0.3,"153,557.00","51,817,458.00"
2020-11-05,337.00,337.00,333.00,335.00,-0.59,"103,740.00","34,781,011.00"
2020-11-04,336.00,339.00,334.00,337.00,0.0,"96,246.00","32,335,992.00"
2020-11-03,333.00,340.00,333.00,337.00,0.3,"88,171.00","29,686,362.00"
2020-11-02,338.00,343.00,335.00,336.00,-1.18,"242,136.00","81,693,205.00"
2020-11-01,348.00,348.00,339.00,340.00,-2.3,"264,291.00","90,396,394.00"
2020-10-29,356.00,356.00,345.00,348.00,-0.29,"295,349.00","102,909,890.00"
2020-10-28,354.00,354.00,339.00,349.00,3.25,"270,436.00","93,500,507.00"
2020-10-22,335.00,341.00,335.00,338.00,1.2,"230,853.00","78,094,788.00"
2020-10-21,330.00,334.00,328.00,334.00,2.45,"224,060.00","74,397,610.00"
2020-10-20,325.00,326.00,324.00,326.00,0.62,"49,286.00","16,016,717.00"
2020-10-19,323.00,325.00,322.00,324.00,0.62,"62,945.00","20,339,710.00"
2020-10-18,340.00,340.00,320.00,322.00,-0.62,"110,271.00","35,485,833.00"
2020-10-15,328.00,328.00,323.00,324.00,0.62,"89,215.00","28,901,810.00"
2020-10-14,330.00,330.00,322.00,322.00,-0.92,"188,593.00","60,998,378.00"
2020-10-13,325.00,329.00,323.00,325.00,-0.91,"161,539.00","52,471,457.00"
2020-10-12,331.00,331.00,324.00,328.00,0.31,"131,825.00","42,978,446.00"
2020-10-11,332.00,334.00,326.00,327.00,-0.91,"162,645.00","53,261,349.00"
2020-10-08,336.00,336.00,328.00,330.00,-1.49,"159,669.00","53,005,780.00"
2020-10-07,351.00,351.00,332.00,335.00,0.0,"217,357.00","72,611,484.00"
2020-10-06,337.00,337.00,333.00,335.00,0.0,"244,937.00","81,962,808.00"
2020-10-05,333.00,337.00,332.00,335.00,0.6,"293,565.00","98,318,624.00"
2020-10-04,326.00,336.00,326.00,333.00,2.15,"359,579.00","118,995,421.00"
2020-10-01,325.00,329.00,325.00,326.00,0.0,"190,612.00","62,289,713.00"
2020-09-30,344.00,344.00,323.00,326.00,-0.61,"160,289.00","52,075,380.00"
2020-09-29,314.00,331.00,314.00,328.00,-0.61,"130,831.00","42,944,178.00"
2020-09-28,346.00,346.00,324.00,330.00,0.0,"132,472.00","43,581,200.00"
2020-09-27,342.00,342.00,325.00,330.00,1.23,"211,245.00","69,493,424.00"
2020-09-24,340.00,340.00,324.00,326.00,0.62,"260,925.00","85,189,101.00"
2020-09-23,342.00,342.00,321.00,324.00,-0.61,"296,292.00","95,939,703.00"
2020-09-22,338.00,338.00,322.00,326.00,-2.1,"583,004.00","191,111,186.00"
2020-09-21,339.00,339.00,318.00,333.00,3.1,"648,790.00","213,884,458.00"
2020-09-20,320.00,325.00,316.00,323.00,3.86,"443,544.00","142,065,925.00"
2020-09-17,312.00,315.00,307.00,311.00,0.97,"406,226.00","126,345,634.00"
2020-09-16,312.00,312.00,307.00,308.00,-0.32,"85,492.00","26,334,950.00"
2020-09-15,300.00,315.00,300.00,309.00,0.32,"223,449.00","69,354,713.00"
2020-09-14,305.00,313.00,303.00,308.00,1.32,"416,210.00","128,440,167.00"
2020-09-13,286.00,306.00,286.00,304.00,1.0,"199,318.00","60,301,390.00"
2020-09-10,316.00,316.00,299.00,301.00,0.0,"147,982.00","44,559,346.00"
2020-09-09,300.00,301.00,297.00,301.00,1.35,"227,949.00","68,144,666.00"
2020-09-08,313.00,313.00,295.00,297.00,-0.67,"147,334.00","43,851,521.00"
2020-09-07,315.00,315.00,298.00,299.00,-1.64,"201,990.00","60,671,305.00"
2020-09-06,318.00,318.00,301.00,304.00,0.33,"382,827.00","117,352,996.00"
2020-09-03,305.00,305.00,296.00,303.00,1.34,"298,162.00","89,906,138.00"
2020-09-02,291.00,304.00,291.00,299.00,3.1,"298,017.00","88,839,385.00"
2020-08-31,290.00,294.00,289.00,290.00,0.35,"171,035.00","49,801,197.00"
2020-08-30,292.00,293.00,287.00,289.00,-0.69,"89,269.00","25,824,925.00"
2020-08-27,305.00,305.00,290.00,291.00,0.0,"130,023.00","37,902,604.00"
2020-08-26,292.00,294.00,289.00,291.00,0.34,"205,110.00","59,810,337.00"
2020-08-25,291.00,293.00,288.00,290.00,0.0,"146,566.00","42,593,259.00"
2020-08-24,295.00,295.00,282.00,290.00,3.2,"289,610.00","82,788,523.00"
2020-08-23,295.00,295.00,280.00,281.00,0.0,"89,626.00","25,200,538.00"
2020-08-20,278.00,281.00,277.00,281.00,0.72,"60,309.00","16,813,386.00"
2020-08-19,280.00,282.00,276.00,279.00,-1.76,"90,317.00","25,232,526.00"
2020-08-18,285.00,287.00,282.00,284.00,0.35,"97,472.00","27,660,994.00"
2020-08-17,286.00,290.00,281.00,283.00,-0.7,"273,572.00","78,042,642.00"
2020-08-16,270.00,285.00,267.00,285.00,4.78,"294,044.00","81,419,298.00"
2020-08-13,275.00,275.00,268.00,272.00,-1.09,"71,146.00","19,292,649.00"
2020-08-12,275.00,275.00,269.00,275.00,0.36,"93,398.00","25,518,528.00"
2020-08-11,290.00,290.00,272.00,274.00,-1.08,"146,156.00","40,173,384.00"
2020-08-10,271.00,277.00,265.00,277.00,5.32,"218,528.00","59,234,960.00"
2020-08-09,259.00,263.00,248.00,263.00,6.48,"184,367.00","47,222,832.00"
2020-08-06,250.00,250.00,244.00,247.00,-0.4,"65,857.00","16,211,029.00"
2020-08-05,251.00,251.00,246.00,248.00,-1.98,"78,930.00","19,594,900.00"
2020-08-03,250.00,258.00,247.00,253.00,1.2,"90,678.00","22,805,086.00"
2020-08-02,258.00,259.00,249.00,250.00,-4.21,"127,977.00","32,354,124.00"
2020-07-30,260.00,263.00,258.00,261.00,0.38,"86,435.00","22,464,560.00"
2020-07-29,265.00,265.00,259.00,260.00,-1.52,"96,162.00","25,090,468.00"
2020-07-28,280.00,280.00,263.00,264.00,-1.12,"110,000.00","29,265,792.00"
2020-07-27,280.00,280.00,265.00,267.00,0.0,"109,118.00","29,275,328.00"
2020-07-26,278.00,278.00,262.00,267.00,0.75,"77,710.00","20,765,160.00"
2020-07-23,267.00,267.00,260.00,265.00,-0.38,"60,960.00","16,129,558.00"
2020-07-22,269.00,274.00,263.00,266.00,-1.12,"70,053.00","18,720,892.00"
2020-07-21,273.00,275.00,267.00,269.00,-2.54,"142,910.00","38,720,924.00"
2020-07-20,292.00,301.00,270.00,276.00,-2.13,"260,028.00","73,241,200.00"
2020-07-19,269.00,282.00,269.00,282.00,9.73,"4,563.00","1,286,316.00"
2020-07-16,253.00,257.00,248.00,257.00,3.21,"92,219.00","23,350,080.00"
2020-07-15,241.00,249.00,240.00,249.00,3.75,"85,270.00","20,881,244.00"
2020-07-14,241.00,243.00,238.00,240.00,0.0,"32,011.00","7,668,017.00"
2020-07-13,245.00,245.00,239.00,240.00,-0.83,"56,984.00","13,720,206.00"
2020-07-12,248.00,248.00,240.00,242.00,-0.82,"85,879.00","20,798,276.00"
2020-07-09,245.00,246.00,240.00,244.00,0.83,"48,098.00","11,672,701.00"
2020-07-08,247.00,250.00,240.00,242.00,-2.02,"74,405.00","18,217,758.00"
2020-07-07,247.00,251.00,243.00,247.00,1.23,"49,587.00","12,276,897.00"
2020-07-06,241.00,245.00,238.00,244.00,1.24,"67,917.00","16,361,936.00"
2020-07-05,241.00,244.00,235.00,241.00,-1.63,"47,651.00","11,409,645.00"
2020-07-02,262.00,262.00,235.00,245.00,-5.77,"41,631.00","10,030,554.00"
2020-07-01,249.00,263.00,246.00,260.00,6.12,"12,839.00","3,289,500.00"
2020-06-30,230.00,246.00,230.00,245.00,6.52,"14,142.00","3,360,254.00"
2020-06-29,233.00,233.00,214.00,230.00,-3.8,"77,584.00","16,867,920.00"
2020-05-13,240.00,240.00,237.00,237.00,-2.87,"1,680.00","398,190.00"
2020-05-12,246.00,246.00,244.00,244.00,-2.79,240.00,"58,580.00"
2020-03-22,260.00,266.00,251.00,251.00,-3.46,"20,983.00","5,316,724.00"
2020-03-19,251.00,260.00,245.00,260.00,1.96,"195,205.00","49,252,804.00"
2020-03-18,258.00,260.00,252.00,255.00,-1.92,"121,224.00","30,977,032.00"
2020-03-17,271.00,271.00,257.00,260.00,-2.26,"164,744.00","42,859,504.00"
2020-03-16,264.00,269.00,260.00,266.00,0.0,"87,654.00","23,247,928.00"
2020-03-15,271.00,273.00,263.00,266.00,-2.56,"257,710.00","68,780,936.00"
2020-03-12,283.00,285.00,272.00,273.00,-3.53,"213,483.00","58,969,432.00"
2020-03-11,275.00,283.00,270.00,283.00,4.81,"156,064.00","43,285,592.00"
2020-03-10,281.00,283.00,269.00,270.00,-5.26,"84,488.00","23,222,720.00"
2020-03-05,284.00,290.00,281.00,285.00,-1.04,"145,702.00","41,433,128.00"
2020-03-04,294.00,295.00,286.00,288.00,-2.7,"229,481.00","66,414,448.00"
2020-03-03,287.00,303.00,283.00,296.00,1.37,"251,549.00","74,050,672.00"
2020-03-02,308.00,308.00,292.00,292.00,-5.81,"205,347.00","61,732,452.00"
2020-03-01,318.00,324.00,304.00,310.00,-1.59,"547,596.00","171,993,120.00"
2020-02-27,302.00,322.00,300.00,315.00,2.27,"353,136.00","110,292,912.00"
2020-02-26,295.00,311.00,295.00,308.00,5.12,"589,988.00","179,673,024.00"
2020-02-25,290.00,293.00,282.00,293.00,1.03,"138,549.00","39,976,740.00"
2020-02-24,299.00,299.00,286.00,290.00,1.75,"327,555.00","95,526,424.00"
2020-02-23,277.00,292.00,274.00,285.00,4.4,"182,865.00","51,684,660.00"
2020-02-20,275.00,275.00,270.00,273.00,0.37,"142,585.00","38,698,984.00"
2020-02-19,273.00,273.00,269.00,272.00,0.0,"58,253.00","15,758,133.00"
2020-02-18,277.00,282.00,270.00,272.00,0.0,"165,119.00","45,023,844.00"
2020-02-17,272.00,282.00,270.00,272.00,1.49,"185,770.00","50,534,400.00"
2020-02-16,268.00,268.00,265.00,268.00,0.37,"77,714.00","20,715,716.00"
2020-02-13,268.00,269.00,266.00,267.00,0.0,"107,979.00","28,803,356.00"
2020-02-12,270.00,271.00,267.00,267.00,-0.74,"105,904.00","28,400,284.00"
2020-02-11,270.00,275.00,268.00,269.00,0.0,"66,521.00","17,924,780.00"
2020-02-10,273.00,273.00,267.00,269.00,0.0,"41,674.00","11,184,105.00"
2020-02-09,271.00,271.00,267.00,269.00,-0.37,"60,188.00","16,147,191.00"
2020-02-06,271.00,274.00,268.00,270.00,0.0,"49,567.00","13,384,455.00"
2020-02-05,275.00,275.00,270.00,270.00,-0.37,"55,989.00","15,135,677.00"
2020-02-04,273.00,281.00,270.00,271.00,-0.73,"81,425.00","22,111,100.00"
2020-02-03,275.00,275.00,271.00,273.00,-0.36,"67,012.00","18,261,470.00"
2020-02-02,275.00,278.00,272.00,274.00,0.37,"105,558.00","28,910,152.00"
2020-01-30,273.00,274.00,269.00,273.00,1.11,"113,167.00","30,644,712.00"
2020-01-29,271.00,272.00,268.00,270.00,-0.37,"106,912.00","28,817,422.00"
2020-01-28,276.00,277.00,271.00,271.00,-1.81,"166,814.00","45,656,000.00"
2020-01-27,272.00,279.00,272.00,276.00,1.1,"75,600.00","20,822,854.00"
2020-01-26,285.00,285.00,273.00,273.00,-2.5,"66,783.00","18,398,460.00"
2020-01-23,292.00,292.00,278.00,280.00,-2.78,"206,048.00","58,581,496.00"
2020-01-22,278.00,295.00,276.00,288.00,3.6,"317,195.00","90,931,184.00"
2020-01-21,280.00,281.00,276.00,278.00,-0.36,"68,581.00","19,140,428.00"
2020-01-20,289.00,289.00,276.00,279.00,-1.76,"97,170.00","27,392,160.00"
2020-01-19,285.00,288.00,282.00,284.00,0.71,"173,449.00","49,360,920.00"
2020-01-16,283.00,285.00,280.00,282.00,0.0,"158,071.00","44,654,984.00"
2020-01-15,279.00,286.00,276.00,282.00,1.81,"103,770.00","29,071,952.00"
2020-01-14,275.00,280.00,275.00,277.00,-0.72,"30,995.00","8,594,833.00"
2020-01-13,278.00,283.00,277.00,279.00,2.2,"140,253.00","39,204,708.00"
2020-01-12,273.00,276.00,272.00,273.00,0.74,"110,930.00","30,353,488.00"
2020-01-09,272.00,272.00,270.00,271.00,-0.73,"28,996.00","7,847,938.00"
2020-01-08,279.00,279.00,271.00,273.00,-0.73,"55,523.00","15,172,378.00"
2020-01-07,274.00,278.00,273.00,275.00,0.36,"71,856.00","19,781,720.00"
2020-01-06,275.00,277.00,270.00,274.00,1.48,"65,947.00","18,016,900.00"
2020-01-05,265.00,271.00,265.00,270.00,1.5,"63,823.00","17,116,418.00"
2020-01-02,265.00,268.00,263.00,266.00,0.76,"25,846.00","6,839,064.00"
2020-01-01,264.00,265.00,263.00,264.00,-0.38,"27,343.00","7,209,534.00"
2019-12-31,264.00,265.00,262.00,265.00,0.38,"31,644.00","8,329,689.00"
2019-12-30,280.00,280.00,263.00,264.00,-1.12,"24,371.00","6,444,094.00"
2019-12-29,271.00,271.00,265.00,267.00,-15.77,"69,886.00","18,625,300.00"
2019-12-26,316.00,319.00,315.00,317.00,0.32,"417,340.00","132,211,248.00"
2019-12-25,316.00,317.00,315.00,316.00,0.0,"145,067.00","45,841,336.00"
2019-12-24,315.00,317.00,315.00,316.00,0.32,"241,620.00","76,238,376.00"
2019-12-23,314.00,315.00,314.00,315.00,0.0,"150,456.00","47,365,272.00"
2019-12-22,315.00,315.00,314.00,315.00,0.32,"90,050.00","28,300,944.00"
2019-12-19,314.00,315.00,313.00,314.00,-0.32,"59,807.00","18,767,954.00"
2019-12-18,317.00,317.00,312.00,315.00,0.64,"51,679.00","16,211,446.00"
2019-12-17,314.00,314.00,313.00,313.00,-0.32,"36,406.00","11,405,063.00"
2019-12-16,313.00,315.00,313.00,314.00,0.0,"47,696.00","14,975,867.00"
2019-12-15,313.00,317.00,313.00,314.00,0.0,"144,473.00","45,482,300.00"
2019-12-12,315.00,316.00,313.00,314.00,0.0,"66,257.00","20,823,318.00"
2019-12-11,315.00,316.00,314.00,314.00,0.0,"97,626.00","30,694,348.00"
2019-12-10,314.00,315.00,313.00,314.00,0.32,"37,031.00","11,619,674.00"
2019-12-09,312.00,315.00,312.00,313.00,0.32,"73,431.00","23,027,394.00"
2019-12-08,314.00,314.00,311.00,312.00,-0.32,"19,458.00","6,073,212.00"
2019-12-05,314.00,315.00,312.00,313.00,0.0,"39,669.00","12,416,791.00"
2019-12-04,312.00,314.00,312.00,313.00,0.32,"31,054.00","9,722,802.00"
2019-12-03,317.00,317.00,311.00,312.00,0.0,"9,381.00","2,929,355.00"
2019-12-02,312.00,313.00,311.00,312.00,0.32,"23,337.00","7,268,803.00"
2019-12-01,312.00,313.00,311.00,311.00,-0.32,"13,655.00","4,262,961.00"
2019-11-28,315.00,316.00,311.00,312.00,-0.95,"21,933.00","6,847,547.00"
2019-11-27,313.00,316.00,313.00,315.00,0.96,"35,897.00","11,283,471.00"
2019-11-26,317.00,317.00,312.00,312.00,-1.27,"57,838.00","18,200,792.00"
2019-11-25,314.00,317.00,310.00,316.00,1.94,"112,082.00","35,225,608.00"
2019-11-24,318.00,318.00,310.00,310.00,-1.27,"44,142.00","13,783,916.00"
2019-11-21,316.00,317.00,314.00,314.00,-0.95,"65,257.00","20,558,128.00"
2019-11-20,320.00,321.00,316.00,317.00,-0.31,"84,285.00","26,855,254.00"
2019-11-19,321.00,322.00,316.00,318.00,-0.63,"58,928.00","18,772,180.00"
2019-11-18,325.00,332.00,318.00,320.00,0.31,"260,644.00","83,963,096.00"
2019-11-17,312.00,320.00,310.00,319.00,2.9,"99,578.00","31,495,084.00"
2019-11-14,305.00,312.00,305.00,310.00,1.64,"45,817.00","14,090,713.00"
2019-11-13,305.00,307.00,304.00,305.00,-0.65,"48,500.00","14,772,305.00"
2019-11-12,307.00,307.00,305.00,307.00,-0.65,"28,472.00","8,693,170.00"
2019-11-11,305.00,312.00,302.00,309.00,1.31,"57,794.00","17,663,530.00"
2019-11-10,308.00,309.00,302.00,305.00,-2.24,"69,475.00","21,114,990.00"
2019-11-07,313.00,313.00,309.00,312.00,-0.64,"90,557.00","28,109,656.00"
2019-11-06,315.00,315.00,313.00,314.00,-0.32,"20,653.00","6,472,548.00"
2019-11-05,315.00,316.00,314.00,315.00,0.0,"16,092.00","5,072,240.00"
2019-11-04,315.00,315.00,313.00,315.00,0.0,"22,403.00","7,031,264.00"
2019-11-03,315.00,316.00,314.00,315.00,-0.63,"16,475.00","5,182,647.00"
2019-10-31,323.00,323.00,316.00,317.00,-0.94,"16,390.00","5,199,700.00"
2019-10-24,317.00,321.00,317.00,320.00,0.63,"35,053.00","11,199,107.00"
2019-10-23,321.00,322.00,316.00,318.00,-0.31,"13,095.00","4,163,535.00"
2019-10-22,316.00,319.00,316.00,319.00,0.31,"15,384.00","4,875,277.00"
2019-10-21,315.00,318.00,315.00,318.00,0.32,"24,090.00","7,618,771.00"
2019-10-20,320.00,320.00,316.00,317.00,0.0,"17,236.00","5,451,489.00"
2019-10-17,317.00,318.00,316.00,317.00,-0.31,"17,478.00","5,533,123.00"
2019-10-16,315.00,322.00,314.00,318.00,0.0,"10,740.00","3,382,540.00"
2019-10-15,315.00,318.00,315.00,318.00,0.95,"9,306.00","2,934,737.00"
2019-10-14,315.00,318.00,312.00,315.00,-0.94,"17,820.00","5,601,226.00"
2019-10-10,312.00,318.00,312.00,318.00,0.32,"2,940.00","930,230.00"
2019-10-03,315.00,317.00,315.00,317.00,0.63,"8,665.00","2,741,005.00"
2019-10-02,319.00,319.00,313.00,315.00,-0.32,"10,800.00","3,398,818.00"
2019-10-01,317.00,318.00,315.00,316.00,0.32,"7,352.00","2,320,090.00"
2019-09-30,312.00,315.00,311.00,315.00,0.96,"38,026.00","11,898,958.00"
2019-09-29,311.00,312.00,309.00,312.00,0.0,"19,988.00","6,192,342.00"
2019-09-26,311.00,312.00,309.00,312.00,0.65,"26,805.00","8,300,975.00"
2019-09-25,312.00,316.00,310.00,310.00,-0.64,"26,815.00","8,324,511.00"
2019-09-24,319.00,319.00,311.00,312.00,-0.64,"9,053.00","2,827,182.00"
2019-09-23,311.00,317.00,311.00,314.00,0.96,"9,235.00","2,897,815.00"
2019-09-22,318.00,318.00,311.00,311.00,-2.2,"21,930.00","6,851,104.00"
2019-09-19,325.00,325.00,318.00,318.00,-1.85,"31,568.00","10,118,515.00"
2019-09-18,321.00,324.00,318.00,324.00,2.21,"81,162.00","26,029,698.00"
2019-09-17,307.00,319.00,307.00,317.00,2.26,"96,740.00","30,597,186.00"
2019-09-16,310.00,312.00,307.00,310.00,0.0,"58,196.00","17,983,316.00"
2019-09-15,317.00,317.00,309.00,310.00,-1.59,"55,973.00","17,451,804.00"
2019-09-12,315.00,316.00,313.00,315.00,0.0,"64,421.00","20,230,004.00"
2019-09-11,316.00,319.00,314.00,315.00,-0.63,"43,606.00","13,731,543.00"
2019-09-10,321.00,321.00,316.00,317.00,0.0,"27,115.00","8,618,945.00"
2019-09-09,320.00,320.00,315.00,317.00,-0.94,"27,821.00","8,814,304.00"
2019-09-08,322.00,323.00,318.00,320.00,-0.31,"22,252.00","7,104,241.00"
2019-09-05,331.00,331.00,320.00,321.00,0.31,"20,580.00","6,603,284.00"
2019-09-04,320.00,323.00,316.00,320.00,-0.31,"63,294.00","20,217,076.00"
2019-09-03,315.00,322.00,311.00,321.00,2.23,"105,779.00","33,349,294.00"
2019-09-02,320.00,320.00,314.00,314.00,-1.88,"81,020.00","25,665,082.00"
2019-09-01,324.00,324.00,319.00,320.00,-0.93,"28,538.00","9,151,061.00"
2019-08-29,328.00,328.00,322.00,323.00,0.31,"26,080.00","8,415,964.00"
2019-08-28,326.00,326.00,321.00,322.00,-0.62,"23,281.00","7,495,588.00"
2019-08-27,322.00,325.00,322.00,324.00,0.62,"48,135.00","15,557,895.00"
2019-08-26,322.00,323.00,321.00,322.00,0.0,"51,909.00","16,711,654.00"
2019-08-25,325.00,326.00,320.00,322.00,-0.92,"75,110.00","24,153,432.00"
2019-08-22,325.00,326.00,324.00,325.00,0.0,"27,089.00","8,787,746.00"
2019-08-21,325.00,326.00,324.00,325.00,-0.31,"16,301.00","5,294,049.00"
2019-08-20,326.00,327.00,323.00,326.00,0.0,"31,843.00","10,341,480.00"
2019-08-19,325.00,329.00,324.00,326.00,0.31,"33,779.00","11,035,814.00"
2019-08-18,327.00,327.00,323.00,325.00,0.0,"28,355.00","9,197,301.00"
2019-08-15,324.00,325.00,322.00,325.00,0.31,"39,284.00","12,691,308.00"
2019-08-14,326.00,327.00,322.00,324.00,-0.61,"65,059.00","21,062,540.00"
2019-08-13,330.00,330.00,325.00,326.00,-0.31,"44,695.00","14,566,365.00"
2019-08-12,328.00,328.00,326.00,327.00,-0.3,"33,325.00","10,883,755.00"
2019-08-11,327.00,328.00,326.00,328.00,0.0,"36,234.00","11,844,766.00"
2019-08-08,330.00,330.00,327.00,328.00,-0.91,"71,112.00","23,313,260.00"
2019-08-07,325.00,332.00,324.00,331.00,1.53,"59,639.00","19,615,648.00"
2019-08-06,332.00,332.00,325.00,326.00,-1.51,"127,107.00","41,610,600.00"
2019-08-05,333.00,335.00,330.00,331.00,-1.19,"81,332.00","26,978,040.00"
2019-08-04,335.00,337.00,332.00,335.00,-1.18,"154,007.00","51,493,384.00"
2019-08-01,343.00,343.00,338.00,339.00,-0.29,"50,317.00","17,082,256.00"
2019-07-31,338.00,342.00,338.00,340.00,0.29,"83,641.00","28,420,722.00"
2019-07-30,341.00,341.00,338.00,339.00,0.0,"46,041.00","15,623,679.00"
2019-07-29,344.00,344.00,338.00,339.00,0.0,"31,642.00","10,740,269.00"
2019-07-28,339.00,341.00,336.00,339.00,-1.45,"118,728.00","40,172,432.00"
2019-07-25,347.00,349.00,343.00,344.00,-1.43,"115,670.00","39,907,428.00"
2019-07-24,354.00,355.00,346.00,349.00,-0.29,"114,426.00","39,944,488.00"
2019-07-23,344.00,350.00,343.00,350.00,2.04,"104,302.00","36,119,476.00"
2019-07-22,342.00,344.00,342.00,343.00,0.29,"32,294.00","11,063,592.00"
2019-07-21,345.00,345.00,340.00,342.00,0.0,"30,835.00","10,527,873.00"
2019-07-18,344.00,348.00,342.00,342.00,-0.87,"66,349.00","22,809,616.00"
2019-07-17,342.00,345.00,337.00,345.00,2.68,"138,862.00","47,522,248.00"
2019-07-16,339.00,339.00,335.00,336.00,-0.3,"172,096.00","57,872,576.00"
2019-07-15,339.00,339.00,335.00,337.00,0.0,"155,161.00","52,191,944.00"
2019-07-14,339.00,339.00,335.00,337.00,0.0,"64,571.00","21,732,200.00"
2019-07-11,339.00,339.00,336.00,337.00,-0.3,"157,150.00","52,962,276.00"
2019-07-10,337.00,339.00,333.00,338.00,0.9,"66,210.00","22,317,014.00"
2019-07-09,339.00,339.00,334.00,335.00,-0.3,"79,877.00","26,811,852.00"
2019-07-08,339.00,339.00,335.00,336.00,-0.88,"70,296.00","23,686,888.00"
2019-07-07,337.00,340.00,337.00,339.00,0.59,"121,328.00","41,063,024.00"
2019-07-04,340.00,341.00,336.00,337.00,-0.88,"139,505.00","47,324,544.00"
2019-07-03,339.00,341.00,335.00,340.00,0.89,"134,166.00","45,331,872.00"
2019-07-02,333.00,337.00,331.00,337.00,1.2,"73,591.00","24,556,928.00"
2019-07-01,331.00,333.00,329.00,333.00,0.0,"79,115.00","26,207,498.00"
2019-06-30,335.00,341.00,332.00,333.00,-0.6,"190,259.00","63,905,944.00"
2019-06-27,333.00,336.00,331.00,335.00,1.21,"169,434.00","56,555,600.00"
2019-06-26,325.00,332.00,325.00,331.00,1.53,"127,349.00","41,974,864.00"
2019-06-25,328.00,328.00,324.00,326.00,0.62,"55,178.00","17,940,242.00"
2019-06-24,322.00,324.00,322.00,324.00,0.93,"62,030.00","20,016,996.00"
2019-06-23,323.00,325.00,321.00,321.00,-1.23,"69,340.00","22,337,268.00"
2019-06-20,323.00,327.00,322.00,325.00,1.25,"74,143.00","24,012,254.00"
2019-06-19,323.00,323.00,321.00,321.00,-0.62,"55,895.00","18,000,004.00"
2019-06-18,323.00,325.00,321.00,323.00,-0.31,"58,818.00","18,981,692.00"
2019-06-17,324.00,325.00,320.00,324.00,0.0,"102,416.00","32,903,320.00"
2019-06-16,325.00,326.00,322.00,324.00,-0.31,"91,288.00","29,580,564.00"
2019-06-13,326.00,329.00,323.00,325.00,-0.31,"49,952.00","16,222,847.00"
2019-06-12,329.00,329.00,324.00,326.00,-0.31,"36,530.00","11,885,509.00"
2019-06-11,326.00,329.00,324.00,327.00,0.62,"76,476.00","24,942,856.00"
2019-06-10,326.00,329.00,323.00,325.00,-0.31,"78,576.00","25,540,972.00"
2019-06-06,330.00,334.00,326.00,326.00,-1.21,"113,091.00","37,080,080.00"
2019-06-04,330.00,335.00,328.00,330.00,-0.3,"147,620.00","48,762,464.00"
2019-06-03,335.00,335.00,330.00,331.00,-1.19,"107,787.00","35,724,076.00"
2019-06-02,337.00,339.00,333.00,335.00,-1.18,"132,560.00","44,430,720.00"
2019-05-30,346.00,354.00,337.00,339.00,0.89,"483,680.00","166,134,640.00"
2019-05-29,338.00,339.00,335.00,336.00,0.3,"111,502.00","37,460,192.00"
2019-05-28,352.00,352.00,333.00,335.00,-0.3,"178,454.00","59,876,112.00"
2019-05-27,338.00,339.00,333.00,336.00,0.0,"77,686.00","26,112,290.00"
2019-05-26,341.00,342.00,335.00,336.00,-1.18,"143,892.00","48,562,568.00"
2019-05-23,345.00,346.00,337.00,340.00,-0.87,"181,744.00","61,850,796.00"
2019-05-22,335.00,343.00,333.00,343.00,3.0,"206,344.00","69,628,376.00"
2019-05-21,339.00,340.00,330.00,333.00,-1.48,"259,426.00","86,628,624.00"
2019-05-20,340.00,348.00,337.00,338.00,0.6,"677,987.00","232,313,792.00"
2019-05-19,320.00,338.00,319.00,336.00,5.33,"686,098.00","226,819,152.00"
2019-05-16,321.00,321.00,317.00,319.00,0.95,"213,891.00","68,121,296.00"
2019-05-15,312.00,322.00,312.00,316.00,0.96,"415,548.00","132,463,328.00"
2019-05-14,310.00,315.00,309.00,313.00,1.29,"346,806.00","107,985,648.00"
2019-05-13,310.00,311.00,309.00,309.00,-0.32,"121,099.00","37,500,816.00"
2019-05-12,311.00,312.00,308.00,310.00,-0.64,"87,036.00","26,957,972.00"
2019-05-09,310.00,312.00,309.00,312.00,-0.32,"79,325.00","24,636,630.00"
2019-05-08,314.00,314.00,311.00,313.00,0.64,"30,364.00","9,479,347.00"
2019-05-07,317.00,317.00,311.00,311.00,-1.27,"141,441.00","44,378,032.00"
2019-05-06,309.00,315.00,309.00,315.00,1.61,"123,895.00","38,646,660.00"
2019-05-05,316.00,316.00,309.00,310.00,-1.27,"202,122.00","62,884,576.00"
2019-05-02,320.00,321.00,311.00,314.00,-1.26,"150,302.00","47,208,524.00"
2019-04-30,324.00,324.00,315.00,318.00,-0.93,"294,267.00","93,107,200.00"
2019-04-29,325.00,326.00,318.00,321.00,-1.23,"351,667.00","112,994,440.00"
2019-04-28,318.00,328.00,318.00,325.00,3.17,"715,538.00","231,960,752.00"
2019-04-25,314.00,319.00,314.00,315.00,0.96,"581,857.00","184,164,912.00"
2019-04-24,312.00,313.00,308.00,312.00,0.97,"292,086.00","90,946,272.00"
2019-04-23,312.00,312.00,308.00,309.00,-0.32,"137,845.00","42,598,064.00"
2019-04-22,317.00,318.00,308.00,310.00,-1.27,"300,068.00","93,640,960.00"
2019-04-21,302.00,318.00,302.00,314.00,3.97,"479,666.00","149,451,648.00"
2019-04-18,299.00,302.00,297.00,302.00,1.0,"140,590.00","42,064,312.00"
2019-04-17,302.00,302.00,296.00,299.00,0.0,"145,581.00","43,366,800.00"
2019-04-16,296.00,300.00,291.00,299.00,1.01,"109,893.00","32,490,716.00"
2019-04-15,296.00,299.00,294.00,296.00,-0.34,"30,074.00","8,915,732.00"
2019-04-11,298.00,301.00,295.00,297.00,-0.34,"53,294.00","15,801,110.00"
2019-04-10,303.00,303.00,294.00,298.00,0.0,"35,880.00","10,636,743.00"
2019-04-09,304.00,304.00,294.00,298.00,-1.32,"127,430.00","37,857,408.00"
2019-04-08,303.00,306.00,299.00,302.00,0.33,"123,853.00","37,532,236.00"
2019-04-07,295.00,302.00,294.00,301.00,1.69,"62,817.00","18,735,628.00"
2019-04-04,297.00,298.00,294.00,296.00,-0.67,"61,272.00","18,162,520.00"
2019-04-03,294.00,301.00,293.00,298.00,1.36,"99,097.00","29,450,922.00"
2019-04-02,292.00,294.00,292.00,294.00,1.03,"36,298.00","10,634,034.00"
2019-04-01,289.00,293.00,289.00,291.00,0.34,"45,376.00","13,177,757.00"
2019-03-31,290.00,291.00,289.00,290.00,0.35,"19,550.00","5,656,240.00"
2019-03-28,289.00,290.00,288.00,289.00,0.0,"17,534.00","5,061,511.00"
2019-03-27,294.00,294.00,288.00,289.00,-0.34,"11,530.00","3,333,246.00"
2019-03-26,287.00,290.00,287.00,290.00,1.05,"18,589.00","5,370,461.00"
2019-03-25,285.00,288.00,285.00,287.00,-0.35,"22,863.00","6,557,307.00"
2019-03-24,292.00,292.00,286.00,288.00,-0.69,"15,906.00","4,570,143.00"
2019-03-21,291.00,292.00,289.00,290.00,0.0,"8,720.00","2,526,005.00"
2019-03-19,294.00,294.00,289.00,290.00,0.0,"5,010.00","1,452,740.00"
2019-03-18,291.00,296.00,289.00,290.00,-0.68,"17,710.00","5,161,775.00"
2019-03-17,295.00,295.00,292.00,292.00,0.0,"23,342.00","6,859,833.00"
2019-03-14,294.00,294.00,289.00,292.00,0.69,"27,805.00","8,091,877.00"
2019-03-13,296.00,296.00,290.00,290.00,-1.69,"34,156.00","9,994,065.00"
2019-03-12,290.00,295.00,288.00,295.00,2.08,"54,402.00","15,887,884.00"
2019-03-11,287.00,289.00,285.00,289.00,0.7,"26,236.00","7,540,596.00"
2019-03-10,286.00,287.00,283.00,287.00,-0.35,"4,466.00","1,272,296.00"
2019-03-07,285.00,288.00,283.00,288.00,1.41,"17,232.00","4,919,419.00"
2019-03-06,283.00,286.00,282.00,284.00,0.0,"48,297.00","13,663,244.00"
2019-03-05,286.00,286.00,282.00,284.00,0.35,"23,791.00","6,726,543.00"
2019-03-03,283.00,285.00,281.00,283.00,-0.7,"37,310.00","10,559,411.00"
2019-02-27,285.00,286.00,283.00,285.00,0.0,"57,845.00","16,484,039.00"
2019-02-26,288.00,288.00,282.00,285.00,0.71,"16,510.00","4,690,827.00"
2019-02-25,283.00,284.00,282.00,283.00,0.35,"20,783.00","5,878,960.00"
2019-02-24,285.00,286.00,282.00,282.00,-0.7,"35,569.00","10,067,488.00"
2019-02-21,284.00,285.00,283.00,284.00,0.35,"9,879.00","2,808,216.00"
2019-02-20,285.00,285.00,283.00,283.00,-1.39,"23,656.00","6,714,941.00"
2019-02-19,287.00,287.00,283.00,287.00,1.41,"31,631.00","8,992,495.00"
2019-02-18,284.00,284.00,283.00,283.00,-0.35,"20,427.00","5,793,931.00"
2019-02-17,285.00,286.00,284.00,284.00,-0.7,"18,584.00","5,289,618.00"
2019-02-14,286.00,286.00,284.00,286.00,0.35,"17,513.00","4,986,455.00"
2019-02-13,285.00,287.00,285.00,285.00,-0.7,"43,442.00","12,412,360.00"
2019-02-12,286.00,287.00,286.00,287.00,0.7,"9,109.00","2,605,629.00"
2019-02-11,282.00,287.00,282.00,285.00,-0.35,"17,203.00","4,909,910.00"
2019-02-10,285.00,287.00,285.00,286.00,0.0,"25,877.00","7,402,867.00"
2019-02-07,287.00,288.00,285.00,286.00,0.0,"20,094.00","5,748,547.00"
2019-02-06,288.00,289.00,286.00,286.00,-1.38,"50,729.00","14,588,076.00"
2019-02-05,289.00,290.00,289.00,290.00,0.69,"17,657.00","5,103,233.00"
2019-02-04,290.00,290.00,288.00,288.00,-0.69,"93,999.00","27,156,148.00"
2019-02-03,290.00,291.00,289.00,290.00,0.0,"48,150.00","13,957,027.00"
2019-01-31,290.00,291.00,289.00,290.00,0.0,"26,440.00","7,670,778.00"
2019-01-30,290.00,291.00,289.00,290.00,0.0,"11,347.00","3,289,257.00"
2019-01-29,290.00,291.00,289.00,290.00,-0.34,"32,063.00","9,302,835.00"
2019-01-28,288.00,291.00,288.00,291.00,0.69,"45,132.00","13,076,131.00"
2019-01-27,290.00,291.00,289.00,289.00,-1.03,"55,475.00","16,079,541.00"
2019-01-24,291.00,293.00,291.00,292.00,0.0,"28,860.00","8,420,208.00"
2019-01-23,289.00,293.00,289.00,292.00,0.34,"17,173.00","5,012,379.00"
2019-01-22,291.00,295.00,291.00,291.00,0.0,"36,005.00","10,481,523.00"
2019-01-21,296.00,296.00,290.00,291.00,-0.34,"24,916.00","7,257,684.00"
2019-01-20,291.00,295.00,291.00,292.00,-0.34,"13,240.00","3,858,920.00"
2019-01-17,292.00,295.00,288.00,293.00,0.69,"87,574.00","25,427,476.00"
2019-01-16,297.00,297.00,291.00,291.00,-2.68,"301,140.00","88,158,416.00"
2019-01-15,299.00,300.00,298.00,299.00,0.67,"64,049.00","19,116,762.00"
2019-01-14,302.00,302.00,296.00,297.00,-1.0,"158,741.00","47,276,580.00"
2019-01-13,305.00,306.00,300.00,300.00,-2.28,"383,270.00","115,910,792.00"
2019-01-10,308.00,308.00,306.00,307.00,-0.32,"379,446.00","116,398,056.00"
2019-01-09,305.00,310.00,305.00,308.00,0.33,"158,955.00","48,681,492.00"
2019-01-08,310.00,310.00,306.00,307.00,-0.32,"288,607.00","88,661,296.00"
2019-01-07,310.00,310.00,305.00,308.00,0.33,"280,624.00","85,927,784.00"
2019-01-06,312.00,312.00,306.00,307.00,-0.65,"21,607.00","6,631,945.00"
2019-01-03,310.00,312.00,307.00,309.00,0.65,"84,700.00","26,170,428.00"
2019-01-02,306.00,307.00,305.00,307.00,0.33,"17,753.00","5,428,824.00"
2019-01-01,305.00,308.00,305.00,306.00,-0.33,"23,513.00","7,206,841.00"
2018-12-31,310.00,310.00,307.00,307.00,-0.97,"57,620.00","17,727,008.00"
2018-12-30,311.00,312.00,309.00,310.00,0.0,"98,987.00","30,762,234.00"
2018-12-27,312.00,315.00,308.00,310.00,0.32,"265,409.00","82,618,072.00"
2018-12-26,305.00,312.00,304.00,309.00,1.31,"141,269.00","43,671,488.00"
2018-12-25,307.00,307.00,304.00,305.00,-0.33,"64,051.00","19,541,256.00"
2018-12-24,311.00,311.00,305.00,306.00,-1.29,"83,954.00","25,864,628.00"
2018-12-23,310.00,316.00,308.00,310.00,1.97,"156,335.00","48,362,304.00"
2018-12-20,309.00,309.00,302.00,304.00,0.0,"84,630.00","25,768,322.00"
2018-12-19,306.00,307.00,303.00,304.00,-0.65,"42,794.00","13,040,877.00"
2018-12-18,318.00,318.00,304.00,306.00,-1.92,"166,792.00","51,072,568.00"
2018-12-17,310.00,312.00,306.00,312.00,0.65,"143,679.00","44,344,544.00"
2018-12-16,304.00,310.00,303.00,310.00,2.65,"174,105.00","53,272,684.00"
2018-12-13,298.00,302.00,297.00,302.00,1.68,"75,519.00","22,694,080.00"
2018-12-12,298.00,298.00,295.00,297.00,0.68,"117,779.00","34,873,104.00"
2018-12-11,292.00,297.00,292.00,295.00,-0.67,"456,790.00","134,861,920.00"
2018-12-10,291.00,298.00,291.00,297.00,0.68,"112,474.00","33,084,682.00"
2018-12-09,295.00,295.00,292.00,295.00,1.03,"94,368.00","27,681,112.00"
2018-12-06,292.00,292.00,288.00,292.00,0.69,"114,123.00","33,249,614.00"
2018-12-05,293.00,298.00,290.00,290.00,-1.69,"121,363.00","35,414,976.00"
2018-12-04,293.00,296.00,291.00,295.00,1.03,"389,469.00","114,288,264.00"
2018-12-03,292.00,293.00,291.00,292.00,0.0,"1,095,018.00","319,943,456.00"
2018-12-02,294.00,295.00,292.00,292.00,-1.02,"244,841.00","71,930,768.00"
2018-11-29,295.00,296.00,294.00,295.00,-0.34,"175,782.00","51,902,452.00"
2018-11-28,291.00,297.00,291.00,296.00,0.0,"532,427.00","156,601,296.00"
2018-11-27,294.00,298.00,294.00,296.00,0.68,"35,744.00","10,603,558.00"
2018-11-26,294.00,295.00,292.00,294.00,0.0,"8,381.00","2,466,853.00"
2018-11-25,297.00,300.00,294.00,294.00,-0.68,"37,121.00","10,948,592.00"
2018-11-22,296.00,297.00,294.00,296.00,0.68,"59,992.00","17,750,588.00"
2018-11-21,293.00,294.00,292.00,294.00,0.34,"107,013.00","31,364,244.00"
2018-11-20,294.00,295.00,292.00,293.00,-0.68,"81,025.00","23,799,840.00"
2018-11-19,295.00,296.00,294.00,295.00,0.0,"102,889.00","30,350,296.00"
2018-11-18,295.00,295.00,291.00,295.00,-1.67,"479,916.00","140,580,336.00"
2018-11-15,310.00,310.00,300.00,300.00,-1.32,"28,850.00","8,685,890.00"
2018-11-14,306.00,306.00,299.00,304.00,1.67,"34,603.00","10,459,083.00"
2018-11-13,298.00,300.00,295.00,299.00,1.36,"20,606.00","6,129,882.00"
2018-11-12,297.00,297.00,291.00,295.00,0.0,"16,105.00","4,720,245.00"
2018-11-11,301.00,302.00,294.00,295.00,-1.99,"27,671.00","8,216,195.00"
2018-11-06,300.00,302.00,300.00,301.00,0.33,"9,616.00","2,898,748.00"
2018-11-05,300.00,302.00,300.00,300.00,0.0,"30,885.00","9,314,924.00"
2018-11-04,302.00,304.00,300.00,300.00,-1.32,"13,026.00","3,920,551.00"
2018-11-01,303.00,305.00,303.00,304.00,0.33,"8,875.00","2,695,335.00"
2018-10-31,304.00,307.00,302.00,303.00,-0.98,"11,710.00","3,555,690.00"
2018-10-30,302.00,306.00,302.00,306.00,0.99,"5,642.00","1,716,816.00"
2018-10-29,305.00,306.00,303.00,303.00,-1.3,"15,509.00","4,714,667.00"
2018-10-28,309.00,310.00,305.00,307.00,-0.65,"11,256.00","3,450,914.00"
2018-10-25,310.00,310.00,308.00,309.00,-0.32,"10,713.00","3,310,164.00"
2018-10-24,309.00,310.00,309.00,310.00,0.32,"5,360.00","1,658,200.00"
2018-10-23,310.00,311.00,309.00,309.00,-0.32,"9,921.00","3,072,574.00"
2018-10-22,308.00,314.00,308.00,310.00,-0.32,"32,176.00","9,966,430.00"
2018-10-21,313.00,313.00,311.00,311.00,0.0,958.00,"298,214.00"
2018-10-15,314.00,314.00,308.00,311.00,-0.64,"21,430.00","6,664,919.00"
2018-10-14,314.00,316.00,307.00,313.00,1.62,"23,750.00","7,365,000.00"
2018-10-11,304.00,310.00,304.00,308.00,0.33,"27,685.00","8,510,730.00"
2018-10-10,306.00,310.00,306.00,307.00,0.33,"15,056.00","4,617,877.00"
2018-10-09,310.00,312.00,306.00,306.00,-0.97,"34,397.00","10,581,401.00"
2018-10-08,308.00,310.00,306.00,309.00,1.64,"16,175.00","4,972,278.00"
2018-10-07,310.00,310.00,303.00,304.00,-1.62,"66,166.00","20,207,496.00"
2018-10-04,310.00,313.00,307.00,309.00,-0.32,"46,865.00","14,513,956.00"
2018-10-03,313.00,318.00,309.00,310.00,-0.96,"41,698.00","12,968,769.00"
2018-10-02,313.00,320.00,313.00,313.00,0.0,"43,019.00","13,571,281.00"
2018-10-01,316.00,320.00,313.00,313.00,-1.57,"250,271.00","78,898,016.00"
2018-09-30,330.00,330.00,315.00,318.00,-1.85,"79,138.00","25,201,260.00"
2018-09-27,332.00,332.00,321.00,324.00,-0.92,"84,483.00","27,368,400.00"
2018-09-26,339.00,340.00,322.00,327.00,-2.1,"150,600.00","49,826,368.00"
2018-09-25,325.00,336.00,322.00,334.00,4.39,"157,318.00","51,823,256.00"
2018-09-23,315.00,323.00,311.00,319.00,2.57,"97,481.00","30,897,940.00"
2018-09-20,311.00,315.00,307.00,311.00,1.3,"53,221.00","16,511,957.00"
2018-09-18,305.00,311.00,305.00,307.00,0.33,"16,279.00","5,016,963.00"
2018-09-17,310.00,313.00,304.00,306.00,-0.33,"79,775.00","24,578,782.00"
2018-09-16,306.00,319.00,300.00,307.00,1.99,"157,758.00","48,948,232.00"
2018-09-13,300.00,303.00,297.00,301.00,1.01,"66,445.00","19,929,476.00"
2018-09-12,290.00,299.00,290.00,298.00,2.41,"45,123.00","13,312,249.00"
2018-09-11,288.00,293.00,284.00,291.00,0.69,"37,194.00","10,696,335.00"
2018-09-10,299.00,299.00,289.00,289.00,-1.7,"16,856.00","4,903,290.00"
2018-09-09,302.00,302.00,294.00,294.00,-1.01,"15,247.00","4,493,707.00"
2018-09-06,302.00,305.00,295.00,297.00,0.0,"72,089.00","21,670,304.00"
2018-09-05,296.00,305.00,293.00,297.00,1.37,"90,228.00","26,994,798.00"
2018-09-04,295.00,297.00,292.00,293.00,-1.01,"12,107.00","3,563,923.00"
2018-09-03,290.00,298.00,290.00,296.00,2.07,"64,843.00","19,021,864.00"
2018-09-02,284.00,290.00,284.00,290.00,1.4,"53,355.00","15,377,598.00"
2018-08-30,287.00,287.00,283.00,286.00,1.42,"19,325.00","5,489,208.00"
2018-08-29,290.00,290.00,282.00,282.00,-1.05,"13,484.00","3,830,578.00"
2018-08-28,290.00,290.00,284.00,285.00,0.0,"12,111.00","3,454,302.00"
2018-08-26,288.00,290.00,284.00,285.00,0.0,"10,645.00","3,042,010.00"
2018-08-23,285.00,286.00,284.00,285.00,0.0,"18,050.00","5,142,574.00"
2018-08-22,285.00,289.00,285.00,285.00,-0.35,"12,500.00","3,568,700.00"
2018-08-21,287.00,290.00,285.00,286.00,-0.69,"14,840.00","4,254,814.00"
2018-08-20,286.00,288.00,284.00,288.00,0.7,"13,873.00","3,960,072.00"
2018-08-19,294.00,294.00,286.00,286.00,-2.05,"18,224.00","5,284,514.00"
2018-08-16,295.00,297.00,290.00,292.00,-0.34,"47,426.00","13,930,727.00"
2018-08-15,288.00,295.00,285.00,293.00,2.81,"35,112.00","10,196,342.00"
2018-08-14,286.00,290.00,283.00,285.00,1.42,"6,060.00","1,721,258.00"
2018-08-13,280.00,283.00,280.00,281.00,0.36,"12,148.00","3,424,972.00"
2018-08-12,283.00,283.00,280.00,280.00,-1.41,"23,024.00","6,468,328.00"
2018-08-09,289.00,289.00,284.00,284.00,-0.7,"1,651.00","473,638.00"
2018-08-08,288.00,288.00,285.00,286.00,0.7,"2,345.00","669,345.00"
2018-08-07,287.00,287.00,284.00,284.00,0.71,"6,688.00","1,906,412.00"
2018-08-06,290.00,290.00,282.00,282.00,-1.05,"14,067.00","4,003,729.00"
2018-08-05,290.00,290.00,283.00,285.00,-1.38,"5,980.00","1,712,060.00"
2018-08-02,292.00,292.00,287.00,289.00,0.0,"7,872.00","2,266,430.00"
2018-08-01,285.00,290.00,285.00,289.00,0.0,"4,230.00","1,220,820.00"
2018-07-31,293.00,293.00,289.00,289.00,-0.69,"13,050.00","3,789,990.00"
2018-07-30,293.00,293.00,288.00,291.00,0.69,"24,886.00","7,212,160.00"
2018-07-29,285.00,290.00,285.00,289.00,1.76,"31,114.00","8,935,860.00"
2018-07-26,287.00,287.00,283.00,284.00,-1.05,"13,406.00","3,822,442.00"
2018-07-25,289.00,289.00,286.00,287.00,0.0,"3,912.00","1,123,548.00"
2018-07-24,290.00,295.00,285.00,287.00,-1.03,"42,236.00","12,126,744.00"
2018-07-23,283.00,290.00,283.00,290.00,3.2,"28,941.00","8,263,312.00"
2018-07-22,282.00,283.00,281.00,281.00,0.36,"18,304.00","5,152,717.00"
2018-07-19,282.00,282.00,280.00,280.00,-0.71,"11,342.00","3,186,472.00"
2018-07-18,283.00,283.00,280.00,282.00,-0.35,"2,401.00","675,608.00"
2018-07-17,285.00,285.00,280.00,283.00,0.71,"24,705.00","6,967,494.00"
2018-07-16,282.00,283.00,281.00,281.00,0.0,"9,173.00","2,587,359.00"
2018-07-15,285.00,285.00,281.00,281.00,0.36,"12,260.00","3,448,060.00"
2018-07-12,284.00,285.00,280.00,280.00,-0.71,"28,629.00","8,057,410.00"
2018-07-11,282.00,284.00,282.00,282.00,0.0,"10,396.00","2,936,829.00"
2018-07-10,280.00,289.00,280.00,282.00,-1.05,"25,338.00","7,148,106.00"
2018-07-09,283.00,286.00,283.00,285.00,0.0,"13,600.00","3,859,674.00"
2018-07-08,290.00,292.00,285.00,285.00,-0.35,"13,621.00","3,890,404.00"
2018-07-05,285.00,288.00,285.00,286.00,0.35,"24,628.00","7,048,082.00"
2018-07-04,282.00,289.00,282.00,285.00,0.0,"13,658.00","3,899,232.00"
2018-07-03,285.00,287.00,284.00,285.00,0.35,"13,245.00","3,783,192.00"
2018-07-02,289.00,289.00,283.00,284.00,-2.74,"18,327.00","5,237,896.00"
2018-07-01,292.00,293.00,291.00,292.00,-0.34,"27,417.00","8,001,887.00"
2018-06-28,294.00,294.00,292.00,293.00,0.34,"13,330.00","3,906,640.00"
2018-06-27,290.00,294.00,290.00,292.00,0.34,"15,466.00","4,510,746.00"
2018-06-26,295.00,295.00,290.00,291.00,-0.68,"10,852.00","3,160,050.00"
2018-06-25,295.00,295.00,292.00,293.00,-1.68,"16,793.00","4,922,776.00"
2018-06-24,299.00,300.00,296.00,298.00,0.0,"18,044.00","5,377,803.00"
2018-06-21,295.00,300.00,295.00,298.00,-0.33,"17,095.00","5,103,660.00"
2018-06-20,300.00,304.00,299.00,299.00,-1.32,"48,738.00","14,636,074.00"
2018-06-19,303.00,303.00,297.00,303.00,1.68,"89,339.00","26,774,118.00"
2018-06-18,296.00,303.00,292.00,298.00,-0.67,"45,219.00","13,436,057.00"
2018-06-17,312.00,312.00,300.00,300.00,-4.46,"43,872.00","13,407,982.00"
2018-06-14,313.00,314.00,312.00,314.00,0.96,"7,764.00","2,430,632.00"
2018-06-13,310.00,312.00,309.00,311.00,0.65,"8,186.00","2,544,573.00"
2018-06-12,308.00,312.00,307.00,309.00,-0.32,"17,172.00","5,312,849.00"
2018-06-11,310.00,314.00,306.00,310.00,0.65,"48,341.00","15,023,939.00"
2018-06-10,307.00,311.00,305.00,308.00,-0.96,"18,273.00","5,643,728.00"
2018-06-07,314.00,315.00,311.00,311.00,-0.96,"24,614.00","7,705,091.00"
2018-06-06,316.00,322.00,314.00,314.00,1.29,"14,099.00","4,469,185.00"
2018-06-04,319.00,319.00,310.00,310.00,-2.21,"74,863.00","23,324,430.00"
2018-06-03,315.00,324.00,309.00,317.00,-1.25,"87,540.00","27,434,144.00"
2018-05-31,333.00,333.00,321.00,321.00,-3.6,"75,469.00","24,365,338.00"
2018-05-30,332.00,338.00,331.00,333.00,0.0,"28,966.00","9,666,791.00"
2018-05-29,338.00,339.00,330.00,333.00,-1.48,"25,487.00","8,491,925.00"
2018-05-28,324.00,338.00,322.00,338.00,4.0,"48,262.00","15,895,332.00"
2018-05-27,336.00,336.00,324.00,325.00,-3.27,"52,190.00","17,070,306.00"
2018-05-24,345.00,346.00,330.00,336.00,-3.17,"60,398.00","20,543,000.00"
2018-05-23,348.00,349.00,346.00,347.00,-0.86,"28,150.00","9,776,318.00"
2018-05-22,352.00,352.00,348.00,350.00,-0.57,"11,045.00","3,853,192.00"
2018-05-21,350.00,352.00,349.00,352.00,0.0,"5,007.00","1,754,739.00"
2018-05-20,355.00,355.00,350.00,352.00,-0.28,"33,559.00","11,783,969.00"
2018-05-17,354.00,360.00,350.00,353.00,-0.56,"27,724.00","9,734,650.00"
2018-05-16,351.00,355.00,350.00,355.00,0.28,"8,391.00","2,947,673.00"
2018-05-15,355.00,355.00,351.00,354.00,0.57,"2,566.00","903,680.00"
2018-05-14,355.00,356.00,350.00,352.00,-0.85,"11,017.00","3,879,859.00"
2018-05-10,356.00,357.00,355.00,355.00,-0.28,"13,793.00","4,902,224.00"
2018-05-09,360.00,360.00,355.00,356.00,-0.84,"8,543.00","3,063,131.00"
2018-05-08,358.00,360.00,353.00,359.00,1.41,"20,386.00","7,250,001.00"
2018-05-07,353.00,358.00,352.00,354.00,0.28,"39,380.00","13,982,407.00"
2018-05-06,351.00,364.00,351.00,353.00,-1.4,"56,930.00","20,364,158.00"
2018-05-03,355.00,362.00,351.00,358.00,1.42,"161,836.00","57,777,488.00"
2018-05-02,350.00,353.00,347.00,353.00,0.28,"41,022.00","14,342,799.00"
2018-04-29,354.00,356.00,349.00,352.00,-0.56,"39,156.00","13,801,898.00"
2018-04-26,362.00,362.00,352.00,354.00,-1.94,"60,577.00","21,613,888.00"
2018-04-25,361.00,367.00,359.00,361.00,-1.37,"36,818.00","13,354,636.00"
2018-04-24,361.00,369.00,354.00,366.00,0.83,"67,001.00","24,367,796.00"
2018-04-23,375.00,375.00,359.00,363.00,-1.36,"260,658.00","95,931,576.00"
2018-04-22,365.00,371.00,359.00,368.00,2.79,"99,031.00","36,237,976.00"
2018-04-19,351.00,362.00,346.00,358.00,3.47,"112,485.00","39,989,032.00"
2018-04-18,339.00,359.00,334.00,346.00,3.28,"60,836.00","20,959,360.00"
2018-04-17,326.00,335.00,326.00,335.00,3.08,"54,598.00","18,113,334.00"
2018-04-16,323.00,330.00,323.00,325.00,0.93,"29,455.00","9,632,196.00"
2018-04-15,317.00,323.00,317.00,322.00,0.31,"10,986.00","3,520,822.00"
2018-04-12,326.00,326.00,321.00,321.00,-0.62,"29,772.00","9,610,918.00"
2018-04-11,318.00,323.00,316.00,323.00,0.0,"12,244.00","3,918,456.00"
2018-04-10,322.00,328.00,318.00,323.00,-1.22,"27,545.00","8,887,613.00"
2018-04-09,329.00,331.00,322.00,327.00,0.93,"59,143.00","19,312,020.00"
2018-04-08,314.00,330.00,314.00,324.00,2.53,"57,910.00","18,687,356.00"
2018-04-05,310.00,317.00,309.00,316.00,2.27,"42,578.00","13,322,342.00"
2018-04-04,305.00,310.00,303.00,309.00,1.98,"22,916.00","7,047,898.00"
2018-04-03,300.00,303.00,300.00,303.00,0.33,"13,691.00","4,135,733.00"
2018-04-02,306.00,306.00,300.00,302.00,-0.33,"20,535.00","6,183,965.00"
2018-04-01,308.00,308.00,297.00,303.00,-1.62,"34,847.00","10,484,352.00"
2018-03-29,304.00,309.00,300.00,308.00,3.01,"26,574.00","8,085,342.00"
2018-03-28,306.00,306.00,297.00,299.00,-0.33,"82,665.00","24,895,528.00"
2018-03-27,295.00,309.00,285.00,300.00,2.04,"69,034.00","20,560,564.00"
2018-03-26,301.00,304.00,289.00,294.00,-4.23,"77,507.00","22,808,606.00"
2018-03-22,305.00,317.00,300.00,307.00,0.33,"59,296.00","17,990,088.00"
2018-03-21,309.00,310.00,305.00,306.00,-2.55,"67,478.00","20,688,968.00"
2018-03-20,313.00,314.00,308.00,314.00,-0.32,"22,474.00","6,984,446.00"
2018-03-19,324.00,324.00,312.00,315.00,-2.78,"19,906.00","6,333,859.00"
2018-03-18,326.00,326.00,320.00,324.00,-0.31,"19,905.00","6,406,648.00"
2018-03-15,329.00,329.00,320.00,325.00,0.62,"47,626.00","15,409,458.00"
2018-03-14,328.00,328.00,322.00,323.00,0.31,"15,861.00","5,121,763.00"
2018-03-13,325.00,329.00,321.00,322.00,-0.92,"7,916.00","2,561,422.00"
2018-03-12,330.00,331.00,320.00,325.00,0.31,"20,317.00","6,578,963.00"
2018-03-11,331.00,332.00,324.00,324.00,-3.86,"32,945.00","10,798,224.00"
2018-03-07,338.00,339.00,335.00,337.00,0.6,"41,230.00","13,863,187.00"
2018-03-06,330.00,337.00,328.00,335.00,0.6,"36,824.00","12,237,918.00"
2018-03-05,341.00,341.00,329.00,333.00,-0.89,"16,214.00","5,394,351.00"
2018-03-04,336.00,340.00,329.00,336.00,-1.75,"82,056.00","27,260,704.00"
2018-02-28,347.00,347.00,340.00,342.00,-1.16,"28,842.00","9,848,488.00"
2018-02-27,343.00,349.00,343.00,346.00,0.87,"6,903.00","2,385,517.00"
2018-02-26,343.00,345.00,340.00,343.00,0.0,"16,678.00","5,699,464.00"
2018-02-25,345.00,345.00,340.00,343.00,-2.0,"23,042.00","7,904,407.00"
2018-02-22,351.00,352.00,345.00,350.00,0.0,"15,195.00","5,294,939.00"
2018-02-21,350.00,355.00,348.00,350.00,-0.57,"15,553.00","5,434,347.00"
2018-02-20,355.00,358.00,352.00,352.00,-0.56,"36,110.00","12,768,870.00"
2018-02-18,365.00,367.00,354.00,354.00,-1.67,"60,388.00","21,638,392.00"
2018-02-15,350.00,360.00,350.00,360.00,0.0,"50,403.00","17,931,854.00"
2018-02-14,345.00,350.00,345.00,350.00,0.0,"25,903.00","8,979,310.00"
2018-02-12,346.00,349.00,345.00,345.00,0.0,"34,866.00","12,074,204.00"
2018-02-11,349.00,350.00,346.00,346.00,0.0,"16,082.00","5,607,225.00"
2018-02-08,346.00,350.00,343.00,349.00,0.0,"68,888.00","23,894,432.00"
2018-02-07,360.00,365.00,344.00,346.00,0.0,"148,369.00","51,808,064.00"
2018-02-06,363.00,364.00,358.00,360.00,0.0,"18,522.00","6,669,454.00"
2018-02-05,365.00,368.00,363.00,363.00,0.0,"28,479.00","10,366,972.00"
2018-02-04,365.00,369.00,365.00,365.00,0.0,"196,879.00","71,972,600.00"
2018-02-01,359.00,366.00,360.00,365.00,0.0,"117,338.00","42,780,352.00"
2018-01-31,356.00,362.00,356.00,359.00,0.0,"24,215.00","8,704,871.00"
2018-01-29,360.00,360.00,355.00,356.00,0.0,"31,426.00","11,223,340.00"
2018-01-28,361.00,366.00,359.00,360.00,0.0,"37,720.00","13,639,854.00"
2018-01-25,350.00,361.00,350.00,361.00,0.0,"31,618.00","11,219,752.00"
2018-01-24,347.00,351.00,347.00,350.00,0.0,"11,986.00","4,185,502.00"
2018-01-23,348.00,352.00,347.00,347.00,0.0,"14,057.00","4,913,745.00"
2018-01-22,348.00,350.00,347.00,348.00,0.0,"22,445.00","7,802,243.00"
2018-01-21,347.00,352.00,347.00,348.00,0.0,"14,838.00","5,189,892.00"
2018-01-17,349.00,350.00,346.00,347.00,0.0,"22,368.00","7,774,799.00"
2018-01-16,352.00,352.00,347.00,349.00,0.0,"8,675.00","3,032,742.00"
2018-01-14,353.00,354.00,350.00,352.00,0.0,"15,618.00","5,479,317.00"
2018-01-10,356.00,355.00,352.00,353.00,0.0,"10,153.00","3,582,606.00"
2018-01-09,354.00,359.00,352.00,356.00,0.0,"21,188.00","7,518,606.00"
2018-01-08,350.00,355.00,350.00,354.00,0.0,"27,182.00","9,557,422.00"
2018-01-07,350.00,355.00,347.00,350.00,0.0,"24,766.00","8,705,527.00"
2018-01-04,347.00,351.00,346.00,350.00,0.0,"25,219.00","8,781,459.00"
2018-01-03,352.00,351.00,347.00,347.00,0.0,"14,094.00","4,909,612.00"
2018-01-02,356.00,363.00,350.00,352.00,0.0,"27,142.00","9,607,919.00"
2018-01-01,347.00,357.00,348.00,356.00,0.0,"36,903.00","12,973,226.00"
2017-12-31,347.00,347.00,340.00,347.00,0.0,"38,724.00","13,289,875.00"
2017-12-28,348.00,348.00,340.00,347.00,0.0,"31,122.00","10,734,615.00"
2017-12-27,350.00,351.00,343.00,348.00,0.0,"35,867.00","12,430,580.00"
2017-12-26,359.00,355.00,349.00,350.00,0.0,"35,065.00","12,319,896.00"
2017-12-24,356.00,362.00,353.00,359.00,0.0,"19,649.00","7,003,318.00"
2017-12-21,360.00,360.00,356.00,356.00,0.0,"24,566.00","8,821,357.00"
2017-12-20,366.00,366.00,359.00,360.00,0.0,"29,498.00","10,675,230.00"
2017-12-19,366.00,373.00,363.00,366.00,0.0,"15,903.00","5,822,532.00"
2017-12-18,366.00,374.00,366.00,366.00,0.0,"31,040.00","11,396,285.00"
2017-12-17,373.00,375.00,366.00,366.00,0.0,"37,921.00","14,111,372.00"
2017-12-14,375.00,376.00,370.00,373.00,0.0,"36,282.00","13,565,057.00"
2017-12-13,370.00,375.00,368.00,375.00,0.0,"25,766.00","9,567,132.00"
2017-12-12,376.00,376.00,370.00,370.00,0.0,"88,958.00","33,018,132.00"
2017-12-11,379.00,377.00,373.00,376.00,0.0,"17,403.00","6,528,084.00"
2017-12-10,381.00,384.00,374.00,379.00,0.0,"67,969.00","25,714,886.00"
2017-12-06,377.00,381.00,374.00,381.00,0.0,"38,350.00","14,451,159.00"
2017-12-05,376.00,377.00,373.00,377.00,0.0,"49,928.00","18,720,208.00"
2017-12-04,379.00,380.00,373.00,376.00,0.0,"34,433.00","12,929,444.00"
2017-11-30,372.00,382.00,369.00,379.00,0.0,"81,694.00","30,508,976.00"
2017-11-29,367.00,378.00,368.00,372.00,0.0,"107,633.00","40,277,644.00"
2017-11-28,365.00,370.00,362.00,367.00,0.0,"58,191.00","21,345,568.00"
2017-11-27,367.00,370.00,364.00,365.00,0.0,"78,716.00","28,861,380.00"
2017-11-26,355.00,367.00,356.00,367.00,0.0,"154,661.00","55,949,228.00"
2017-11-23,352.00,357.00,350.00,355.00,0.0,"73,262.00","25,983,462.00"
2017-11-22,350.00,352.00,348.00,352.00,0.0,"25,073.00","8,774,589.00"
2017-11-21,345.00,351.00,343.00,350.00,0.0,"15,692.00","5,456,306.00"
2017-11-20,344.00,346.00,342.00,345.00,0.0,"20,218.00","6,930,298.00"
2017-11-19,350.00,347.00,344.00,344.00,0.0,"14,731.00","5,083,178.00"
2017-11-16,351.00,351.00,347.00,350.00,0.0,"21,639.00","7,551,694.00"
2017-11-15,353.00,358.00,348.00,351.00,0.0,"106,287.00","37,380,856.00"
2017-11-14,347.00,353.00,346.00,353.00,0.0,"43,320.00","15,170,543.00"
2017-11-13,340.00,352.00,342.00,347.00,0.0,"31,896.00","11,036,675.00"
2017-11-12,336.00,342.00,334.00,340.00,0.0,"10,278.00","3,450,804.00"
2017-11-09,336.00,339.00,331.00,336.00,0.0,"12,377.00","4,140,485.00"
2017-11-08,337.00,336.00,332.00,336.00,0.0,"16,309.00","5,455,567.00"
2017-11-07,338.00,341.00,332.00,337.00,0.0,"15,521.00","5,251,514.00"
2017-11-06,338.00,341.00,335.00,338.00,0.0,"15,150.00","5,129,979.00"
2017-11-05,341.00,341.00,335.00,338.00,0.0,"31,064.00","10,491,353.00"
2017-11-02,343.00,345.00,339.00,341.00,0.0,"16,438.00","5,627,302.00"
2017-11-01,342.00,345.00,339.00,343.00,0.0,"18,478.00","6,296,969.00"
2017-10-31,349.00,346.00,341.00,342.00,0.0,"17,452.00","5,982,177.00"
2017-10-30,343.00,350.00,341.00,349.00,0.0,"16,010.00","5,496,232.00"
2017-10-29,346.00,348.00,343.00,343.00,0.0,"9,374.00","3,231,275.00"
2017-10-25,350.00,352.00,344.00,346.00,0.0,"38,385.00","13,266,563.00"
2017-10-24,354.00,353.00,350.00,350.00,0.0,"10,158.00","3,576,430.00"
2017-10-23,352.00,355.00,350.00,354.00,0.0,"13,212.00","4,648,853.00"
2017-10-22,353.00,359.00,352.00,352.00,0.0,"23,004.00","8,162,060.00"
2017-10-18,350.00,354.00,348.00,353.00,0.0,"21,850.00","7,695,877.00"
2017-10-17,355.00,359.00,350.00,350.00,0.0,"33,435.00","11,822,225.00"
2017-10-16,349.00,355.00,350.00,355.00,0.0,"39,741.00","14,023,294.00"
2017-10-15,341.00,350.00,340.00,349.00,0.0,"11,190.00","3,889,041.00"
2017-10-12,343.00,344.00,334.00,341.00,0.0,"30,162.00","10,230,109.00"
2017-10-11,341.00,345.00,338.00,343.00,0.0,"14,615.00","5,009,950.00"
2017-10-10,344.00,345.00,340.00,341.00,0.0,"39,134.00","13,338,872.00"
2017-10-09,345.00,344.00,340.00,344.00,0.0,"59,226.00","20,202,052.00"
2017-10-08,352.00,348.00,340.00,345.00,0.0,"18,538.00","6,355,775.00"
2017-10-04,353.00,360.00,346.00,352.00,0.0,"12,258.00","4,306,080.00"
2017-10-03,354.00,356.00,350.00,353.00,0.0,"6,379.00","2,246,468.00"
2017-09-26,350.00,356.00,352.00,354.00,0.0,"10,069.00","3,564,284.00"
2017-09-25,349.00,353.00,350.00,350.00,0.0,"15,093.00","5,290,423.00"
2017-09-24,353.00,353.00,349.00,349.00,0.0,"4,509.00","1,577,055.00"
2017-09-20,355.00,362.00,350.00,353.00,0.0,"36,486.00","12,819,811.00"
2017-09-18,357.00,360.00,350.00,355.00,0.0,"42,720.00","15,121,241.00"
2017-09-17,356.00,360.00,350.00,357.00,0.0,"25,957.00","9,179,773.00"
2017-09-14,347.00,358.00,343.00,356.00,0.0,"40,010.00","13,980,367.00"
2017-09-13,345.00,353.00,342.00,347.00,0.0,"13,310.00","4,624,574.00"
2017-09-12,345.00,348.00,342.00,345.00,0.0,"25,005.00","8,628,291.00"
2017-09-11,347.00,352.00,340.00,345.00,0.0,"130,852.00","45,591,976.00"
2017-09-10,347.00,352.00,341.00,347.00,0.0,"144,684.00","50,462,280.00"
2017-09-07,350.00,351.00,344.00,347.00,0.0,"16,047.00","5,599,729.00"
2017-09-06,351.00,357.00,346.00,350.00,0.0,"45,492.00","15,834,787.00"
2017-09-04,352.00,359.00,344.00,351.00,0.0,"19,999.00","6,966,833.00"
2017-08-31,358.00,357.00,351.00,352.00,0.0,"36,330.00","12,878,567.00"
2017-08-30,360.00,360.00,351.00,358.00,0.0,"23,596.00","8,396,698.00"
2017-08-28,364.00,366.00,355.00,360.00,0.0,"18,278.00","6,547,082.00"
2017-08-27,360.00,370.00,361.00,364.00,0.0,"23,723.00","8,604,669.00"
2017-08-24,357.00,361.00,355.00,360.00,0.0,"36,656.00","13,161,961.00"
2017-08-23,350.00,360.00,344.00,357.00,0.0,"157,177.00","54,691,628.00"
2017-08-22,353.00,358.00,340.00,350.00,0.0,"126,185.00","43,592,880.00"
2017-08-21,351.00,357.00,353.00,353.00,0.0,"6,971.00","2,474,108.00"
2017-08-20,355.00,360.00,350.00,351.00,0.0,"90,120.00","31,895,914.00"
2017-08-17,365.00,364.00,355.00,355.00,0.0,"44,856.00","16,129,996.00"
2017-08-16,370.00,370.00,362.00,365.00,0.0,"43,691.00","16,011,260.00"
2017-08-15,354.00,370.00,353.00,370.00,0.0,"54,565.00","19,753,836.00"
2017-08-13,357.00,363.00,348.00,354.00,0.0,"19,146.00","6,760,255.00"
2017-08-10,361.00,362.00,356.00,357.00,0.0,"37,883.00","13,603,869.00"
2017-08-09,365.00,370.00,358.00,361.00,0.0,"51,599.00","18,625,056.00"
2017-08-07,367.00,370.00,360.00,365.00,0.0,"12,605.00","4,555,929.00"
2017-08-06,364.00,368.00,359.00,367.00,0.0,"19,900.00","7,247,528.00"
2017-08-03,370.00,370.00,360.00,364.00,0.0,"55,303.00","19,995,378.00"
2017-08-02,370.00,376.00,370.00,370.00,0.0,"19,552.00","7,299,402.00"
2017-08-01,370.00,372.00,368.00,370.00,0.0,"10,515.00","3,892,675.00"
2017-07-31,369.00,375.00,368.00,370.00,0.0,"9,825.00","3,638,750.00"
2017-07-30,371.00,374.00,368.00,369.00,0.0,"8,399.00","3,113,722.00"
2017-07-27,372.00,371.00,366.00,371.00,0.0,"6,753.00","2,487,648.00"
2017-07-26,373.00,375.00,370.00,372.00,0.0,"8,778.00","3,276,810.00"
2017-07-25,371.00,380.00,370.00,373.00,0.0,"5,690.00","2,118,600.00"
2017-07-24,375.00,376.00,370.00,371.00,0.0,"8,570.00","3,188,370.00"
2017-07-23,384.00,384.00,373.00,375.00,0.0,"19,614.00","7,374,534.00"
2017-07-20,384.00,387.00,373.00,384.00,0.0,"23,576.00","8,967,500.00"
2017-07-19,387.00,393.00,384.00,384.00,0.0,"33,960.00","13,147,224.00"
2017-07-18,379.00,387.00,378.00,387.00,0.0,"62,771.00","24,035,870.00"
2017-07-17,368.00,384.00,370.00,379.00,0.0,"26,755.00","10,059,486.00"
2017-07-16,364.00,371.00,365.00,368.00,0.0,"23,050.00","8,459,033.00"
2017-07-13,363.00,370.00,353.00,364.00,0.0,"22,379.00","8,150,043.00"
2017-07-12,360.00,364.00,359.00,363.00,0.0,"7,790.00","2,820,990.00"
2017-07-11,356.00,365.00,354.00,360.00,0.0,"22,266.00","8,025,698.00"
2017-07-10,360.00,365.00,355.00,356.00,0.0,"36,021.00","12,911,124.00"
2017-07-09,349.00,370.00,349.00,360.00,0.0,"94,284.00","33,973,264.00"
2017-07-06,341.00,355.00,341.00,349.00,0.0,"65,711.00","22,824,104.00"
2017-07-05,338.00,341.00,334.00,341.00,0.0,"50,962.00","17,204,602.00"
2017-07-04,329.00,342.00,330.00,338.00,0.0,"22,940.00","7,705,198.00"
2017-07-03,334.00,338.00,329.00,329.00,0.0,"17,655.00","5,887,185.00"
2017-07-02,335.00,336.00,326.00,334.00,0.0,"50,643.00","16,737,097.00"
2017-06-28,339.00,340.00,333.00,335.00,0.0,"64,518.00","21,693,288.00"
2017-06-27,342.00,342.00,335.00,339.00,0.0,"100,117.00","33,786,232.00"
2017-06-25,342.00,345.00,341.00,342.00,0.0,"25,702.00","8,813,049.00"
2017-06-22,343.00,345.00,340.00,342.00,0.0,"19,585.00","6,697,515.00"
2017-06-21,344.00,345.00,339.00,343.00,0.0,"29,905.00","10,217,430.00"
2017-06-20,340.00,350.00,335.00,344.00,0.0,"35,898.00","12,157,780.00"
2017-06-19,353.00,355.00,340.00,340.00,0.0,"16,080.00","5,621,040.00"
2017-06-18,360.00,360.00,351.00,353.00,0.0,"6,295.00","2,236,238.00"
2017-06-15,357.00,363.00,356.00,360.00,0.0,"25,588.00","9,204,596.00"
2017-06-14,358.00,359.00,356.00,357.00,0.0,"31,254.00","11,177,484.00"
2017-06-13,358.00,369.00,358.00,358.00,0.0,"14,975.00","5,395,080.00"
2017-06-12,367.00,363.00,358.00,358.00,0.0,"31,315.00","11,289,249.00"
2017-06-11,373.00,370.00,364.00,367.00,0.0,"7,186.00","2,632,796.00"
2017-06-08,372.00,375.00,367.00,373.00,0.0,"18,857.00","6,981,121.00"
2017-06-07,379.00,381.00,372.00,372.00,0.0,"10,650.00","4,015,660.00"
2017-06-06,373.00,380.00,372.00,379.00,0.0,"34,971.00","13,109,387.00"
2017-06-05,372.00,379.00,373.00,373.00,0.0,"15,776.00","5,919,908.00"
2017-06-04,372.00,375.00,360.00,372.00,0.0,"45,085.00","16,329,562.00"
2017-06-01,375.00,378.00,364.00,372.00,0.0,"20,270.00","7,485,772.00"
2017-05-31,373.00,377.00,365.00,375.00,0.0,"14,924.00","5,527,827.00"
2017-05-30,375.00,376.00,368.00,373.00,0.0,"25,325.00","9,471,632.00"
2017-05-28,378.00,383.00,372.00,375.00,0.0,"26,403.00","9,900,955.00"
2017-05-24,379.00,380.00,376.00,378.00,0.0,"18,300.00","6,928,385.00"
2017-05-23,375.00,383.00,376.00,379.00,0.0,"33,677.00","12,765,992.00"
2017-05-22,376.00,381.00,368.00,375.00,0.0,"219,331.00","80,883,496.00"
2017-05-21,383.00,383.00,375.00,376.00,0.0,"18,763.00","7,089,856.00"
2017-05-18,387.00,393.00,378.00,383.00,0.0,"25,236.00","9,648,846.00"
2017-05-17,388.00,392.00,386.00,387.00,0.0,"10,316.00","3,997,848.00"
2017-05-16,392.00,399.00,386.00,388.00,0.0,"16,298.00","6,395,424.00"
2017-05-15,393.00,399.00,388.00,392.00,0.0,"15,129.00","5,961,883.00"
2017-05-11,380.00,397.00,380.00,393.00,0.0,"37,710.00","14,754,437.00"
2017-05-09,383.00,383.00,378.00,380.00,0.0,"6,488.00","2,464,059.00"
2017-05-08,379.00,383.00,378.00,383.00,0.0,"7,760.00","2,956,881.00"
2017-05-07,383.00,380.00,376.00,379.00,0.0,"7,790.00","2,944,060.00"
2017-05-04,378.00,385.00,379.00,383.00,0.0,"13,083.00","4,978,406.00"
2017-05-03,378.00,385.00,377.00,378.00,0.0,"24,062.00","9,149,087.00"
2017-05-02,384.00,384.00,377.00,378.00,0.0,"12,017.00","4,562,061.00"
2017-04-30,390.00,390.00,381.00,384.00,0.0,"27,613.00","10,618,543.00"
2017-04-27,396.00,399.00,390.00,390.00,0.0,"21,420.00","8,430,850.00"
2017-04-26,400.00,405.00,394.00,396.00,0.0,"37,382.00","14,848,184.00"
2017-04-25,400.00,404.00,395.00,400.00,0.0,"17,689.00","7,056,430.00"
2017-04-24,408.00,407.00,398.00,400.00,0.0,"22,744.00","9,125,004.00"
2017-04-23,400.00,430.00,406.00,408.00,0.0,"42,395.00","17,477,384.00"
2017-04-20,404.00,412.00,395.00,400.00,0.0,"37,348.00","15,025,257.00"
2017-04-19,387.00,404.00,391.00,404.00,0.0,"32,171.00","12,788,724.00"
2017-04-18,401.00,403.00,386.00,387.00,0.0,"53,232.00","20,755,794.00"
2017-04-16,415.00,425.00,400.00,401.00,0.0,"54,001.00","21,928,996.00"
2017-04-13,425.00,430.00,412.00,415.00,0.0,"38,418.00","16,072,902.00"
2017-04-12,437.00,445.00,425.00,425.00,0.0,"68,860.00","30,056,904.00"
2017-04-11,425.00,460.00,433.00,437.00,0.0,"46,158.00","20,329,828.00"
2017-04-10,502.00,507.00,495.00,502.00,0.0,"275,865.00","138,199,456.00"
2017-04-09,519.00,523.00,500.00,502.00,0.0,"210,263.00","106,117,736.00"
2017-04-06,525.00,535.00,515.00,519.00,0.0,"149,822.00","78,036,152.00"
2017-04-04,510.00,530.00,500.00,525.00,0.0,"248,809.00","128,530,720.00"
2017-04-03,510.00,540.00,500.00,510.00,0.0,"263,039.00","135,569,952.00"
2017-04-02,478.00,510.00,480.00,510.00,0.0,"110,948.00","55,251,784.00"
2017-03-30,480.00,486.00,468.00,478.00,0.0,"89,883.00","42,694,100.00"
2017-03-29,460.00,500.00,462.00,480.00,0.0,"208,179.00","100,621,744.00"
2017-03-28,425.00,467.00,433.00,460.00,0.0,"91,860.00","41,028,780.00"
2017-03-26,401.00,431.00,404.00,425.00,0.0,"111,759.00","47,135,704.00"
2017-03-23,400.00,404.00,395.00,401.00,0.0,"66,157.00","26,434,064.00"
2017-03-22,393.00,420.00,392.00,400.00,0.0,"146,081.00","58,943,588.00"
2017-03-21,379.00,396.00,374.00,393.00,0.0,"80,419.00","30,840,044.00"
2017-03-20,371.00,380.00,368.00,379.00,0.0,"78,638.00","29,358,884.00"
2017-03-19,365.00,371.00,365.00,371.00,0.0,"78,986.00","29,016,226.00"
2017-03-16,363.00,367.00,361.00,365.00,0.0,"14,110.00","5,148,140.00"
2017-03-15,365.00,367.00,358.00,363.00,0.0,"16,195.00","5,910,835.00"
2017-03-14,365.00,373.00,360.00,365.00,0.0,"19,860.00","7,222,060.00"
2017-03-13,365.00,378.00,364.00,365.00,0.0,"8,025.00","2,960,460.00"
2017-03-09,360.00,369.00,360.00,365.00,0.0,"46,897.00","16,949,288.00"
2017-03-07,365.00,365.00,360.00,360.00,0.0,"18,706.00","6,754,308.00"
2017-03-06,365.00,372.00,365.00,365.00,0.0,"24,134.00","8,876,022.00"
2017-03-05,359.00,367.00,360.00,365.00,0.0,"36,235.00","13,200,334.00"
2017-03-02,351.00,360.00,351.00,359.00,0.0,"16,685.00","5,949,960.00"
2017-03-01,354.00,355.00,349.00,351.00,0.0,"22,250.00","7,818,830.00"
2017-02-28,355.00,354.00,346.00,354.00,0.0,"28,186.00","9,828,530.00"
2017-02-26,358.00,361.00,354.00,355.00,0.0,"24,577.00","8,748,588.00"
2017-02-23,363.00,366.00,353.00,358.00,0.0,"20,011.00","7,139,988.00"
2017-02-22,364.00,368.00,353.00,363.00,0.0,"25,591.00","9,133,486.00"
2017-02-21,367.00,381.00,360.00,364.00,0.0,"37,277.00","13,656,965.00"
2017-02-20,374.00,379.00,366.00,367.00,0.0,"34,700.00","12,882,955.00"
2017-02-19,365.00,374.00,360.00,374.00,0.0,"30,575.00","11,191,003.00"
2017-02-16,355.00,367.00,355.00,365.00,0.0,"44,461.00","16,111,577.00"
2017-02-15,345.00,356.00,346.00,355.00,0.0,"24,851.00","8,724,223.00"
2017-02-14,348.00,358.00,340.00,345.00,0.0,"19,033.00","6,613,005.00"
2017-02-13,345.00,350.00,329.00,348.00,0.0,"40,265.00","13,642,768.00"
2017-02-12,358.00,358.00,342.00,345.00,0.0,"32,215.00","11,152,972.00"
2017-02-09,365.00,371.00,358.00,358.00,0.0,"8,253.00","2,981,030.00"
2017-02-08,369.00,370.00,360.00,365.00,0.0,"27,440.00","9,961,332.00"
2017-02-07,352.00,370.00,359.00,369.00,0.0,"24,053.00","8,761,165.00"
2017-02-06,365.00,368.00,352.00,352.00,0.0,"6,870.00","2,466,350.00"
2017-02-05,375.00,375.00,361.00,365.00,0.0,"9,360.00","3,432,059.00"
2017-02-02,377.00,389.00,370.00,375.00,0.0,"7,619.00","2,873,085.00"
2017-02-01,352.00,377.00,359.00,377.00,0.0,"5,950.00","2,205,200.00"
2017-01-31,350.00,360.00,341.00,352.00,0.0,"13,750.00","4,805,010.00"
2017-01-30,376.00,372.00,344.00,350.00,0.0,"24,913.00","8,884,810.00"
2017-01-26,380.00,380.00,359.00,376.00,0.0,"24,500.00","9,076,883.00"
2017-01-25,392.00,390.00,380.00,380.00,0.0,"14,216.00","5,465,956.00"
2017-01-24,400.00,395.00,388.00,392.00,0.0,"8,686.00","3,395,298.00"
2017-01-23,403.00,406.00,400.00,400.00,0.0,"13,200.00","5,303,110.00"
2017-01-22,407.00,410.00,403.00,403.00,0.0,"15,096.00","6,097,644.00"
2017-01-19,405.00,413.00,405.00,407.00,0.0,"46,179.00","18,834,856.00"
2017-01-18,406.00,408.00,395.00,405.00,0.0,"31,504.00","12,497,804.00"
2017-01-17,400.00,406.00,400.00,406.00,0.0,"17,243.00","6,922,993.00"
2017-01-16,403.00,407.00,398.00,400.00,0.0,"17,164.00","6,878,310.00"
2017-01-15,405.00,408.00,400.00,403.00,0.0,"17,625.00","7,116,396.00"
2017-01-12,406.00,406.00,400.00,405.00,0.0,"12,260.00","4,920,020.00"
2017-01-11,413.00,413.00,404.00,406.00,0.0,"13,662.00","5,547,310.00"
2017-01-10,396.00,413.00,396.00,413.00,0.0,"10,400.00","4,160,320.00"
2017-01-09,396.00,400.00,396.00,396.00,0.0,"1,846.00","731,872.00"
2017-01-08,395.00,401.00,393.00,396.00,0.0,"9,420.00","3,716,490.00"
2017-01-05,391.00,401.00,394.00,395.00,0.0,"9,371.00","3,711,783.00"
2017-01-04,395.00,399.00,391.00,391.00,0.0,"4,495.00","1,773,320.00"
2017-01-03,403.00,401.00,394.00,395.00,0.0,"12,095.00","4,818,164.00"
2017-01-02,395.00,408.00,395.00,403.00,0.0,"12,522.00","5,026,914.00"
2017-01-01,386.00,408.00,387.00,395.00,0.0,"11,546.00","4,614,090.00"
2016-12-29,382.00,397.00,385.00,386.00,0.0,"17,180.00","6,688,102.00"
2016-12-28,385.00,394.00,378.00,382.00,0.0,"14,320.00","5,506,187.00"
2016-12-27,387.00,390.00,370.00,385.00,0.0,"18,841.00","7,167,321.00"
2016-12-26,398.00,398.00,387.00,387.00,0.0,"12,672.00","4,951,931.00"
2016-12-22,400.00,401.00,392.00,398.00,0.0,"7,159.00","2,849,965.00"
2016-12-21,399.00,403.00,395.00,400.00,0.0,"14,332.00","5,716,034.00"
2016-12-20,405.00,402.00,398.00,399.00,0.0,"10,837.00","4,332,724.00"
2016-12-19,405.00,412.00,401.00,405.00,0.0,"14,459.00","5,867,204.00"
2016-12-18,406.00,408.00,402.00,405.00,0.0,"15,575.00","6,297,579.00"
2016-12-15,400.00,408.00,402.00,406.00,0.0,"4,744.00","1,928,209.00"
2016-12-14,400.00,412.00,398.00,400.00,0.0,"31,490.00","12,614,700.00"
2016-12-12,406.00,405.00,395.00,400.00,0.0,"14,456.00","5,754,900.00"
2016-12-11,407.00,411.00,404.00,406.00,0.0,"8,550.00","3,483,090.00"
2016-12-08,411.00,415.00,403.00,407.00,0.0,"13,992.00","5,684,466.00"
2016-12-07,412.00,412.00,405.00,411.00,0.0,"15,401.00","6,275,570.00"
2016-12-06,412.00,420.00,405.00,412.00,0.0,"7,735.00","3,175,330.00"
2016-12-05,420.00,420.00,411.00,412.00,0.0,"10,046.00","4,147,352.00"
2016-12-04,430.00,430.00,420.00,420.00,0.0,"12,207.00","5,209,692.00"
2016-12-01,430.00,436.00,422.00,430.00,0.0,"39,284.00","16,856,138.00"
2016-11-30,425.00,435.00,418.00,430.00,0.0,"33,978.00","14,572,089.00"
2016-11-29,417.00,425.00,400.00,425.00,0.0,"40,628.00","16,863,740.00"
2016-11-28,405.00,420.00,383.00,417.00,0.0,"46,734.00","18,747,818.00"
2016-11-27,428.00,424.00,404.00,405.00,0.0,"33,307.00","13,695,422.00"
2016-11-24,420.00,446.00,415.00,428.00,0.0,"31,459.00","13,351,575.00"
2016-11-23,438.00,445.00,419.00,420.00,0.0,"50,176.00","21,341,352.00"
2016-11-22,455.00,461.00,430.00,438.00,0.0,"40,001.00","17,719,778.00"
2016-11-21,448.00,475.00,435.00,455.00,0.0,"22,767.00","10,208,795.00"
2016-11-20,460.00,462.00,428.00,448.00,0.0,"41,290.00","18,498,196.00"
2016-11-17,476.00,479.00,460.00,460.00,0.0,"41,420.00","19,434,278.00"
2016-11-16,490.00,490.00,476.00,476.00,0.0,"18,532.00","8,979,732.00"
2016-11-15,494.00,508.00,482.00,490.00,0.0,"40,639.00","20,215,136.00"
2016-11-14,501.00,505.00,490.00,494.00,0.0,"23,300.00","11,456,044.00"
2016-11-13,485.00,501.00,478.00,501.00,0.0,"8,899.00","4,376,510.00"
2016-11-10,487.00,489.00,481.00,485.00,0.0,"14,500.00","7,015,571.00"
2016-11-09,498.00,495.00,475.00,487.00,0.0,"15,305.00","7,447,360.00"
2016-11-08,506.00,505.00,494.00,498.00,0.0,"25,469.00","12,665,924.00"
2016-11-07,510.00,515.00,506.00,506.00,0.0,"11,294.00","5,756,436.00"
2016-11-03,510.00,514.00,509.00,510.00,0.0,"3,663.00","1,871,773.00"
2016-10-27,511.00,519.00,510.00,510.00,0.0,"11,053.00","5,678,231.00"
2016-10-26,510.00,511.00,500.00,511.00,0.0,"40,534.00","20,594,832.00"
2016-10-25,512.00,520.00,506.00,510.00,0.0,"21,030.00","10,726,995.00"
2016-10-24,514.00,520.00,507.00,512.00,0.0,"11,339.00","5,807,751.00"
2016-10-23,525.00,530.00,513.00,514.00,0.0,"20,059.00","10,392,445.00"
2016-10-20,529.00,531.00,524.00,525.00,0.0,"27,221.00","14,366,427.00"
2016-10-19,530.00,533.00,525.00,529.00,0.0,"22,444.00","11,855,944.00"
2016-10-18,530.00,536.00,522.00,530.00,0.0,"37,814.00","19,965,800.00"
2016-10-17,523.00,533.00,518.00,530.00,0.0,"42,479.00","22,288,808.00"
2016-10-16,524.00,524.00,514.00,523.00,0.0,"14,650.00","7,657,636.00"
2016-10-06,520.00,530.00,521.00,524.00,0.0,"39,553.00","20,795,308.00"
2016-10-05,521.00,521.00,516.00,520.00,0.0,"8,971.00","4,659,340.00"
2016-10-04,505.00,521.00,503.00,521.00,0.0,"19,060.00","9,806,566.00"
2016-10-03,506.00,509.00,505.00,505.00,0.0,"26,283.00","13,327,821.00"
2016-10-02,505.00,512.00,495.00,506.00,0.0,"19,339.00","9,733,677.00"
2016-09-29,510.00,510.00,501.00,505.00,0.0,"22,289.00","11,255,820.00"
2016-09-28,507.00,510.00,505.00,510.00,0.0,"21,890.00","11,106,136.00"
2016-09-27,503.00,528.00,502.00,507.00,0.0,"20,876.00","10,535,849.00"
2016-09-26,489.00,505.00,495.00,503.00,0.0,"23,648.00","11,882,779.00"
2016-09-25,511.00,505.00,489.00,489.00,0.0,"42,886.00","21,300,488.00"
2016-09-22,520.00,520.00,510.00,511.00,0.0,"34,490.00","17,649,824.00"
2016-09-21,515.00,525.00,515.00,520.00,0.0,"43,971.00","22,757,828.00"
2016-09-20,523.00,525.00,513.00,515.00,0.0,"63,695.00","32,940,792.00"
2016-09-18,525.00,530.00,520.00,523.00,0.0,"30,131.00","15,791,539.00"
2016-09-14,530.00,533.00,525.00,525.00,0.0,"21,987.00","11,597,339.00"
2016-09-12,535.00,533.00,527.00,530.00,0.0,"30,141.00","15,986,569.00"
2016-09-11,526.00,556.00,531.00,535.00,0.0,"52,774.00","28,320,500.00"
2016-09-08,523.00,532.00,522.00,526.00,0.0,"36,663.00","19,260,898.00"
2016-09-07,532.00,542.00,523.00,523.00,0.0,"30,728.00","16,166,560.00"
2016-09-06,533.00,545.00,527.00,532.00,0.0,"38,141.00","20,551,932.00"
2016-09-05,524.00,545.00,520.00,533.00,0.0,"99,834.00","52,652,424.00"
2016-09-04,529.00,528.00,520.00,524.00,0.0,"38,316.00","20,051,326.00"
2016-09-03,529.00,528.00,520.00,524.00,0.0,"38,316.00","20,051,326.00"
2016-09-01,529.00,540.00,526.00,529.00,0.0,"34,464.00","18,228,118.00"
2016-08-31,538.00,540.00,526.00,529.00,0.0,"34,849.00","18,431,926.00"
2016-08-30,538.00,545.00,533.00,538.00,0.0,"39,721.00","21,370,712.00"
2016-08-29,524.00,541.00,522.00,538.00,0.0,"63,710.00","34,126,952.00"
2016-08-28,522.00,528.00,512.00,524.00,0.0,"30,859.00","16,009,778.00"
2016-08-24,514.00,530.00,514.00,522.00,0.0,"19,606.00","10,185,226.00"
2016-08-23,517.00,532.00,507.00,514.00,0.0,"46,846.00","24,190,194.00"
2016-08-22,535.00,535.00,500.00,517.00,0.0,"92,657.00","47,698,804.00"
2016-08-21,539.00,550.00,532.00,535.00,0.0,"31,865.00","17,237,994.00"
2016-08-17,536.00,549.00,536.00,539.00,0.0,"51,469.00","27,867,432.00"
2016-08-16,531.00,546.00,523.00,536.00,0.0,"57,953.00","30,908,740.00"
2016-08-15,549.00,547.00,522.00,531.00,0.0,"86,215.00","45,745,108.00"
2016-08-14,562.00,560.00,540.00,549.00,0.0,"74,435.00","40,817,968.00"
2016-08-11,560.00,582.00,558.00,562.00,0.0,"242,286.00","137,183,968.00"
2016-08-10,561.00,590.00,536.00,560.00,0.0,"155,781.00","87,896,736.00"
2016-08-09,510.00,561.00,520.00,561.00,0.0,"75,016.00","42,036,752.00"
2016-08-08,559.00,550.00,510.00,510.00,0.0,"104,640.00","55,543,200.00"
2016-08-07,560.00,586.00,550.00,559.00,0.0,"188,585.00","107,690,160.00"
2016-08-04,573.00,584.00,547.00,560.00,0.0,"166,216.00","93,337,224.00"
2016-08-03,588.00,590.00,565.00,573.00,0.0,"119,486.00","69,185,736.00"
2016-08-02,605.00,607.00,588.00,588.00,0.0,"138,325.00","82,495,600.00"
2016-08-01,620.00,632.00,596.00,605.00,0.0,"153,624.00","93,759,776.00"
2016-07-31,617.00,640.00,615.00,620.00,0.0,"238,835.00","148,464,704.00"
2016-07-28,579.00,625.00,571.00,617.00,0.0,"388,311.00","235,091,168.00"
2016-07-27,559.00,595.00,569.00,579.00,0.0,"190,700.00","110,034,200.00"
2016-07-26,540.00,566.00,544.00,559.00,0.0,"180,798.00","99,664,536.00"
2016-07-25,519.00,540.00,520.00,540.00,0.0,"107,723.00","56,867,156.00"
2016-07-21,510.00,540.00,514.00,519.00,0.0,"135,856.00","71,015,256.00"
2016-07-20,527.00,565.00,510.00,510.00,0.0,"166,068.00","88,125,688.00"
2016-07-19,498.00,532.00,489.00,527.00,0.0,"209,898.00","106,355,128.00"
2016-07-18,480.00,498.00,483.00,498.00,0.0,"179,182.00","87,712,400.00"
2016-07-17,470.00,490.00,470.00,480.00,0.0,"109,228.00","52,680,960.00"
2016-07-14,460.00,473.00,460.00,470.00,0.0,"61,316.00","28,410,934.00"
2016-07-13,465.00,465.00,454.00,460.00,0.0,"27,795.00","12,773,680.00"
2016-07-12,470.00,472.00,451.00,465.00,0.0,"24,558.00","11,397,033.00"
2016-07-11,472.00,480.00,465.00,470.00,0.0,"44,940.00","21,171,480.00"
2016-07-10,470.00,485.00,467.00,472.00,0.0,"45,385.00","21,468,528.00"
2016-07-06,472.00,475.00,465.00,470.00,0.0,"69,355.00","32,584,468.00"
2016-07-05,470.00,477.00,470.00,472.00,0.0,"29,310.00","13,854,845.00"
2016-07-04,473.00,480.00,470.00,470.00,0.0,"63,041.00","29,912,578.00"
2016-07-03,480.00,485.00,471.00,473.00,0.0,"45,368.00","21,704,258.00"
2016-06-30,488.00,484.00,475.00,480.00,0.0,"27,366.00","13,132,401.00"
2016-06-29,483.00,489.00,476.00,488.00,0.0,"125,979.00","48,516,776.00"
2016-06-28,490.00,499.00,480.00,483.00,0.0,"51,393.00","25,088,714.00"
2016-06-27,473.00,492.00,475.00,490.00,0.0,"92,235.00","44,619,340.00"
2016-06-26,457.00,488.00,455.00,473.00,0.0,"56,205.00","26,078,572.00"
2016-06-23,460.00,463.00,455.00,457.00,0.0,"25,727.00","11,754,800.00"
2016-06-22,459.00,470.00,456.00,460.00,0.0,"38,998.00","17,933,876.00"
2016-06-21,462.00,460.00,453.00,459.00,0.0,"17,031.00","7,782,350.00"
2016-06-20,457.00,463.00,453.00,462.00,0.0,"32,050.00","14,659,347.00"
2016-06-19,460.00,467.00,451.00,457.00,0.0,"18,601.00","8,532,631.00"
2016-06-16,465.00,468.00,457.00,460.00,0.0,"66,682.00","30,821,868.00"
2016-06-15,471.00,476.00,460.00,465.00,0.0,"38,566.00","17,912,858.00"
2016-06-14,479.00,481.00,470.00,471.00,0.0,"22,932.00","10,893,157.00"
2016-06-13,475.00,485.00,474.00,479.00,0.0,"121,684.00","58,370,720.00"
2016-06-12,465.00,480.00,465.00,475.00,0.0,"73,622.00","34,722,960.00"
2016-06-09,473.00,470.00,461.00,465.00,0.0,"47,011.00","21,915,496.00"
2016-06-08,473.00,474.00,466.00,473.00,0.0,"40,672.00","19,078,936.00"
2016-06-07,466.00,484.00,469.00,473.00,0.0,"33,267.00","15,674,587.00"
2016-06-06,455.00,477.00,460.00,466.00,0.0,"46,910.00","21,918,256.00"
2016-06-05,473.00,475.00,455.00,455.00,0.0,"73,667.00","34,148,932.00"
2016-06-02,481.00,479.00,472.00,473.00,0.0,"40,217.00","19,089,704.00"
2016-06-01,482.00,490.00,475.00,481.00,0.0,"53,641.00","25,813,508.00"
2016-05-31,476.00,492.00,480.00,482.00,0.0,"66,954.00","32,450,568.00"
2016-05-30,480.00,481.00,476.00,476.00,0.0,"55,453.00","26,590,924.00"
2016-05-29,483.00,492.00,473.00,480.00,0.0,"70,573.00","33,804,508.00"
2016-05-26,483.00,492.00,467.00,483.00,0.0,"90,173.00","43,195,232.00"
2016-05-25,489.00,498.00,471.00,483.00,0.0,"140,809.00","67,422,096.00"
2016-05-24,485.00,498.00,485.00,489.00,0.0,"77,907.00","38,157,064.00"
2016-05-23,481.00,485.00,475.00,485.00,0.0,"96,282.00","46,393,544.00"
2016-05-22,482.00,489.00,478.00,481.00,0.0,"87,849.00","42,192,568.00"
2016-05-19,477.00,489.00,474.00,482.00,0.0,"78,972.00","37,889,356.00"
2016-05-18,476.00,480.00,475.00,477.00,0.0,"51,834.00","24,730,622.00"
2016-05-17,477.00,486.00,474.00,476.00,0.0,"70,793.00","33,755,928.00"
2016-05-16,482.00,488.00,475.00,477.00,0.0,"59,838.00","28,608,984.00"
2016-05-15,484.00,493.00,481.00,482.00,0.0,"67,831.00","32,871,532.00"
2016-05-12,489.00,504.00,484.00,484.00,0.0,"135,417.00","66,660,032.00"
2016-05-11,460.00,496.00,469.00,489.00,0.0,"333,994.00","161,087,552.00"
2016-05-10,460.00,464.00,455.00,460.00,0.0,"162,513.00","74,697,728.00"
2016-05-09,457.00,465.00,456.00,460.00,0.0,"75,125.00","34,666,864.00"
2016-05-08,447.00,457.00,442.00,457.00,0.0,"38,882.00","17,453,576.00"
2016-05-05,449.00,450.00,440.00,447.00,0.0,"35,189.00","15,769,762.00"
2016-05-04,454.00,456.00,445.00,449.00,0.0,"92,783.00","41,638,232.00"
2016-05-03,450.00,461.00,447.00,454.00,0.0,"95,689.00","43,304,960.00"
2016-05-02,440.00,452.00,440.00,450.00,0.0,"70,427.00","31,403,704.00"
2016-04-28,435.00,445.00,434.00,440.00,0.0,"80,652.00","35,265,456.00"
2016-04-27,435.00,440.00,430.00,435.00,0.0,"77,283.00","33,692,644.00"
2016-04-26,437.00,445.00,430.00,435.00,0.0,"47,199.00","20,557,122.00"
2016-04-25,440.00,448.00,435.00,437.00,0.0,"84,418.00","36,924,556.00"
2016-04-24,425.00,440.00,427.00,440.00,0.0,"62,966.00","27,227,932.00"
2016-04-21,426.00,430.00,421.00,425.00,0.0,"69,974.00","29,740,924.00"
2016-04-20,425.00,432.00,425.00,426.00,0.0,"45,621.00","19,477,246.00"
2016-04-19,432.00,435.00,423.00,425.00,0.0,"32,285.00","13,802,925.00"
2016-04-18,435.00,440.00,430.00,432.00,0.0,"80,749.00","35,139,980.00"
2016-04-17,433.00,445.00,433.00,435.00,0.0,"89,108.00","38,937,656.00"
2016-04-14,422.00,433.00,422.00,433.00,0.0,"77,281.00","33,085,824.00"
2016-04-12,408.00,427.00,410.00,422.00,0.0,"216,085.00","90,889,568.00"
2016-04-11,405.00,415.00,405.00,408.00,0.0,"76,292.00","31,137,664.00"
2016-04-10,405.00,406.00,403.00,405.00,0.0,"31,935.00","12,939,033.00"
2016-04-06,402.00,407.00,400.00,405.00,0.0,"81,341.00","32,985,960.00"
2016-04-05,400.00,405.00,399.00,402.00,0.0,"52,162.00","20,911,160.00"
2016-04-04,398.00,401.00,399.00,400.00,0.0,"61,306.00","24,531,256.00"
2016-04-03,401.00,400.00,390.00,398.00,0.0,"50,884.00","20,219,000.00"
2016-03-31,401.00,405.00,398.00,401.00,0.0,"146,774.00","58,855,368.00"
2016-03-30,400.00,408.00,400.00,401.00,0.0,"120,035.00","48,252,004.00"
2016-03-29,402.00,406.00,396.00,400.00,0.0,"96,654.00","38,860,328.00"
2016-03-28,406.00,422.00,400.00,402.00,0.0,"134,081.00","54,628,936.00"
2016-03-27,385.00,408.00,382.00,406.00,0.0,"168,645.00","66,176,884.00"
2016-03-24,396.00,395.00,384.00,385.00,0.0,"97,381.00","37,791,152.00"
2016-03-23,400.00,424.00,392.00,396.00,0.0,"183,130.00","73,867,712.00"
2016-03-21,400.00,414.00,397.00,400.00,0.0,"203,878.00","82,059,760.00"
2016-03-20,400.00,413.00,388.00,400.00,0.0,"138,739.00","55,945,772.00"
2016-03-17,382.00,410.00,382.00,400.00,0.0,"178,022.00","70,094,656.00"
2016-03-16,377.00,390.00,378.00,382.00,0.0,"81,352.00","31,094,082.00"
2016-03-15,364.00,377.00,346.00,377.00,0.0,"147,810.00","52,546,768.00"
2016-03-14,371.00,373.00,364.00,364.00,0.0,"86,846.00","31,865,764.00"
2016-03-13,371.00,381.00,364.00,371.00,0.0,"45,472.00","16,861,524.00"
2016-03-10,371.00,371.00,365.00,371.00,0.0,"39,615.00","14,567,299.00"
2016-03-06,370.00,374.00,366.00,371.00,0.0,"30,279.00","11,198,109.00"
2016-03-03,375.00,374.00,368.00,370.00,0.0,"17,947.00","6,646,254.00"
2016-03-02,368.00,375.00,361.00,375.00,0.0,"51,462.00","19,124,832.00"
2016-03-01,361.00,368.00,358.00,368.00,0.0,"50,317.00","18,313,406.00"
2016-02-29,362.00,363.00,358.00,361.00,0.0,"19,336.00","6,981,487.00"
2016-02-28,361.00,367.00,360.00,362.00,0.0,"39,275.00","14,252,560.00"
2016-02-25,357.00,367.00,351.00,361.00,0.0,"46,777.00","16,725,006.00"
2016-02-24,365.00,365.00,356.00,357.00,0.0,"9,977.00","3,598,362.00"
2016-02-23,367.00,374.00,359.00,365.00,0.0,"41,202.00","14,962,830.00"
2016-02-22,372.00,378.00,367.00,367.00,0.0,"51,310.00","19,084,316.00"
2016-02-21,375.00,387.00,370.00,372.00,0.0,"35,109.00","13,185,984.00"
2016-02-18,370.00,385.00,355.00,375.00,0.0,"126,655.00","47,666,936.00"
2016-02-17,355.00,376.00,355.00,370.00,0.0,"158,220.00","57,714,032.00"
2016-02-16,345.00,355.00,339.00,355.00,0.0,"129,611.00","45,578,192.00"
2016-02-15,342.00,347.00,336.00,345.00,0.0,"48,757.00","16,633,516.00"
2016-02-14,340.00,352.00,339.00,342.00,0.0,"31,940.00","10,913,083.00"
2016-02-11,333.00,366.00,339.00,340.00,0.0,"180,431.00","62,744,460.00"
2016-02-08,331.00,337.00,329.00,333.00,0.0,"44,997.00","15,029,004.00"
2016-02-07,330.00,342.00,328.00,331.00,0.0,"41,078.00","13,548,208.00"
2016-02-04,330.00,333.00,326.00,330.00,0.0,"27,469.00","9,047,018.00"
2016-02-03,328.00,335.00,326.00,330.00,0.0,"47,110.00","15,558,331.00"
2016-02-02,325.00,332.00,321.00,328.00,0.0,"32,366.00","10,562,184.00"
2016-02-01,321.00,327.00,322.00,325.00,0.0,"31,428.00","10,209,280.00"
2016-01-31,324.00,326.00,320.00,321.00,0.0,"7,898.00","2,546,213.00"
2016-01-28,321.00,325.00,320.00,324.00,0.0,"16,714.00","5,386,621.00"
2016-01-27,326.00,328.00,321.00,321.00,0.0,"10,700.00","3,471,300.00"
2016-01-26,322.00,330.00,321.00,326.00,0.0,"14,122.00","4,628,337.00"
2016-01-25,333.00,335.00,320.00,322.00,0.0,"28,986.00","9,504,012.00"
2016-01-24,333.00,335.00,332.00,333.00,0.0,"30,546.00","10,185,622.00"
2016-01-21,338.00,343.00,332.00,333.00,0.0,"22,446.00","7,498,280.00"
2016-01-20,338.00,338.00,331.00,338.00,0.0,"27,344.00","9,163,973.00"
2016-01-19,338.00,340.00,327.00,338.00,0.0,"56,995.00","19,011,402.00"
2016-01-18,330.00,348.00,330.00,338.00,0.0,"104,647.00","35,453,120.00"
2016-01-17,322.00,335.00,319.00,330.00,0.0,"170,631.00","56,358,728.00"
2016-01-14,305.00,328.00,305.00,322.00,0.0,"115,901.00","36,897,260.00"
2016-01-13,301.00,307.00,301.00,305.00,0.0,"65,700.00","20,013,010.00"
2016-01-12,301.00,307.00,298.00,301.00,0.0,"35,223.00","10,628,789.00"
2016-01-11,303.00,305.00,300.00,301.00,0.0,"22,194.00","6,694,901.00"
2016-01-10,300.00,305.00,294.00,303.00,0.0,"35,034.00","10,600,976.00"
2016-01-07,299.00,300.00,296.00,300.00,0.0,"74,508.00","22,256,492.00"
2016-01-06,290.00,303.00,271.00,299.00,0.0,"66,866.00","18,570,052.00"
2016-01-05,301.00,304.00,290.00,290.00,0.0,"15,493.00","4,552,910.00"
2016-01-04,310.00,306.00,300.00,301.00,0.0,"23,894.00","7,224,247.00"
2016-01-03,304.00,310.00,306.00,310.00,0.0,"40,043.00","12,318,320.00"
2015-12-31,300.00,317.00,285.00,304.00,0.0,"355,111.00","106,214,392.00"
2015-12-29,293.00,300.00,279.00,300.00,0.0,"66,740.00","19,401,954.00"
2015-12-28,293.00,297.00,290.00,293.00,0.0,"43,173.00","12,572,615.00"
2015-12-27,287.00,295.00,285.00,293.00,0.0,"12,994.00","3,783,252.00"
2015-12-24,293.00,296.00,287.00,287.00,0.0,"17,210.00","5,010,922.00"
2015-12-23,294.00,293.00,286.00,293.00,0.0,"19,601.00","5,680,878.00"
2015-12-22,290.00,300.00,290.00,294.00,0.0,"46,152.00","13,439,360.00"
2015-12-21,282.00,290.00,280.00,290.00,0.0,"27,494.00","7,788,321.00"
2015-12-20,277.00,282.00,277.00,282.00,0.0,"27,792.00","7,766,870.00"
2015-12-17,287.00,292.00,275.00,277.00,0.0,"11,487.00","3,204,512.00"
2015-12-16,275.00,287.00,272.00,287.00,0.0,"29,223.00","8,129,979.00"
2015-12-15,275.00,275.00,270.00,275.00,0.0,"3,200.00","878,700.00"
2015-12-14,269.00,283.00,264.00,275.00,0.0,"15,300.00","4,183,440.00"
2015-12-13,272.00,275.00,269.00,269.00,0.0,"7,150.00","1,941,012.00"
2015-12-10,275.00,280.00,268.00,272.00,0.0,"14,624.00","3,970,842.00"
2015-12-09,268.00,277.00,272.00,275.00,0.0,"30,050.00","8,218,850.00"
2015-12-08,271.00,271.00,267.00,268.00,0.0,"5,300.00","1,429,900.00"
2015-12-07,269.00,275.00,268.00,271.00,0.0,"5,881.00","1,587,720.00"
2015-12-06,264.00,274.00,265.00,269.00,0.0,"4,113.00","1,103,290.00"
2015-12-03,267.00,272.00,261.00,264.00,0.0,"6,860.00","1,818,230.00"
2015-12-02,267.00,271.00,257.00,267.00,0.0,"2,310.00","615,520.00"
2015-12-01,256.00,267.00,261.00,267.00,0.0,"6,054.00","1,609,994.00"
2015-11-30,247.00,262.00,251.00,256.00,0.0,"8,193.00","2,100,265.00"
2015-11-29,255.00,255.00,247.00,247.00,0.0,"11,070.00","2,760,190.00"
2015-11-26,264.00,264.00,251.00,255.00,0.0,"17,402.00","4,414,836.00"
2015-11-25,269.00,264.00,263.00,264.00,0.0,"9,332.00","2,462,798.00"
2015-11-24,263.00,269.00,262.00,269.00,0.0,"15,146.00","4,008,625.00"
2015-11-23,264.00,265.00,260.00,263.00,0.0,"12,300.00","3,226,050.00"
2015-11-22,273.00,268.00,260.00,264.00,0.0,"13,725.00","3,599,425.00"
2015-11-19,270.00,274.00,269.00,273.00,0.0,"7,940.00","2,151,850.00"
2015-11-18,270.00,278.00,270.00,270.00,0.0,"13,904.00","3,777,175.00"
2015-11-16,276.00,281.00,268.00,270.00,0.0,"38,843.00","10,627,388.00"
2015-11-15,272.00,276.00,265.00,276.00,0.0,"40,169.00","10,869,370.00"
2015-11-10,261.00,272.00,263.00,272.00,0.0,"8,783.00","2,346,195.00"
2015-11-09,252.00,265.00,257.00,261.00,0.0,"10,648.00","2,769,534.00"
2015-11-08,252.00,256.00,250.00,252.00,0.0,"25,515.00","6,416,866.00"
2015-11-05,257.00,262.00,250.00,252.00,0.0,"29,642.00","7,563,233.00"
2015-11-04,253.00,257.00,253.00,257.00,0.0,"1,400.00","356,500.00"
2015-11-03,259.00,261.00,252.00,253.00,0.0,"10,587.00","2,717,180.00"
2015-11-02,258.00,259.00,255.00,259.00,0.0,"5,300.00","1,360,640.00"
2015-11-01,260.00,260.00,255.00,258.00,0.0,842.00,"217,342.00"
2015-10-29,264.00,260.00,260.00,260.00,0.0,"2,950.00","767,000.00"
2015-10-28,255.00,264.00,250.00,264.00,0.0,"9,398.00","2,359,170.00"
2015-10-27,267.00,262.00,253.00,255.00,0.0,"6,100.00","1,564,700.00"
2015-10-25,268.00,268.00,263.00,267.00,0.0,"4,520.00","1,201,440.00"
2015-10-18,266.00,272.00,261.00,268.00,0.0,"3,500.00","942,190.00"
2015-10-15,267.00,270.00,266.00,266.00,0.0,"8,479.00","2,266,564.00"
2015-10-14,270.00,267.00,262.00,267.00,0.0,"6,000.00","1,582,600.00"
2015-10-11,280.00,279.00,270.00,270.00,0.0,"16,018.00","4,398,746.00"
2015-10-08,270.00,280.00,268.00,280.00,0.0,"8,633.00","2,353,740.00"
2015-10-07,271.00,276.00,269.00,270.00,0.0,"12,020.00","3,258,658.00"
2015-10-06,275.00,275.00,271.00,271.00,0.0,"3,960.00","1,073,560.00"
2015-10-05,275.00,275.00,270.00,275.00,0.0,"2,908.00","791,735.00"
2015-10-04,276.00,281.00,273.00,275.00,0.0,"14,995.00","4,137,320.00"
2015-10-01,275.00,280.00,275.00,276.00,0.0,"6,094.00","1,683,344.00"
2015-09-30,276.00,281.00,275.00,275.00,0.0,"7,936.00","2,195,136.00"
2015-09-29,275.00,276.00,275.00,276.00,0.0,"2,025.00","557,275.00"
2015-09-28,280.00,278.00,270.00,275.00,0.0,"5,410.00","1,479,654.00"
2015-09-24,282.00,282.00,280.00,280.00,0.0,"4,862.00","1,364,872.00"
2015-09-23,280.00,288.00,268.00,282.00,0.0,"116,111.00","31,312,764.00"
2015-09-22,285.00,280.00,276.00,280.00,0.0,"7,947.00","2,210,366.00"
2015-09-17,289.00,289.00,282.00,285.00,0.0,"11,300.00","3,215,900.00"
2015-09-16,290.00,290.00,285.00,289.00,0.0,"13,300.00","3,834,200.00"
2015-09-15,285.00,290.00,283.00,290.00,0.0,"22,810.00","6,563,133.00"
2015-09-14,282.00,290.00,268.00,285.00,0.0,"129,389.00","35,099,940.00"
2015-09-13,283.00,285.00,280.00,282.00,0.0,"16,262.00","4,576,280.00"
2015-09-10,284.00,285.00,279.00,283.00,0.0,"12,053.00","3,386,819.00"
2015-09-09,284.00,286.00,280.00,284.00,0.0,"8,938.00","2,537,504.00"
2015-09-08,282.00,295.00,280.00,284.00,0.0,"23,431.00","6,655,239.00"
2015-09-07,277.00,290.00,280.00,282.00,0.0,"15,986.00","4,537,751.00"
2015-09-06,279.00,281.00,274.00,277.00,0.0,"6,858.00","1,903,407.00"
2015-09-03,278.00,280.00,278.00,279.00,0.0,"6,000.00","1,678,100.00"
2015-09-02,282.00,283.00,277.00,278.00,0.0,"8,350.00","2,335,800.00"
2015-09-01,285.00,284.00,280.00,282.00,0.0,"15,726.00","4,430,232.00"
2015-08-31,285.00,290.00,282.00,285.00,0.0,"11,353.00","3,237,205.00"
2015-08-27,289.00,287.00,280.00,285.00,0.0,"13,650.00","3,865,910.00"
2015-08-26,290.00,296.00,288.00,289.00,0.0,"8,417.00","2,457,764.00"
2015-08-25,281.00,292.00,276.00,290.00,0.0,"17,100.00","4,857,700.00"
2015-08-24,290.00,293.00,280.00,281.00,0.0,"5,448.00","1,549,840.00"
2015-08-23,295.00,290.00,290.00,290.00,0.0,600.00,"174,000.00"
2015-08-20,299.00,310.00,291.00,295.00,0.0,"14,706.00","4,416,166.00"
2015-08-19,278.00,299.00,277.00,299.00,0.0,"11,737.00","3,441,797.00"
2015-08-18,278.00,288.00,276.00,278.00,0.0,"14,111.00","3,940,648.00"
2015-08-17,262.00,285.00,267.00,278.00,0.0,"20,366.00","5,673,165.00"
2015-08-16,269.00,266.00,258.00,262.00,0.0,"63,720.00","16,720,614.00"
2015-08-13,270.00,274.00,266.00,269.00,0.0,"31,966.00","8,592,001.00"
2015-08-12,268.00,270.00,265.00,270.00,0.0,"47,385.00","12,616,737.00"
2015-08-11,274.00,272.00,261.00,268.00,0.0,"54,423.00","14,520,170.00"
2015-08-10,277.00,282.00,272.00,274.00,0.0,"17,804.00","4,913,440.00"
2015-08-09,273.00,285.00,273.00,277.00,0.0,"10,605.00","2,935,027.00"
2015-08-06,278.00,278.00,270.00,273.00,0.0,"11,269.00","3,087,797.00"
2015-08-05,270.00,280.00,270.00,278.00,0.0,"12,705.00","3,492,788.00"
2015-08-04,278.00,282.00,270.00,270.00,0.0,"19,982.00","5,547,047.00"
2015-08-03,278.00,283.00,275.00,278.00,0.0,"18,230.00","5,070,857.00"
2015-08-02,285.00,287.00,276.00,278.00,0.0,"25,676.00","7,194,455.00"
2015-07-30,287.00,289.00,284.00,285.00,0.0,"11,564.00","3,305,039.00"
2015-07-29,287.00,292.00,285.00,287.00,0.0,"4,626.00","1,329,811.00"
2015-07-28,299.00,299.00,287.00,287.00,0.0,"24,653.00","7,195,019.00"
2015-07-27,320.00,338.00,290.00,299.00,0.0,"52,329.00","16,049,041.00"
2015-07-26,291.00,320.00,296.00,320.00,0.0,"20,091.00","6,423,780.00"
2015-07-23,281.00,294.00,282.00,291.00,0.0,"45,507.00","13,068,675.00"
2015-07-22,305.00,299.00,280.00,281.00,0.0,"15,070.00","4,271,314.00"
2015-07-16,278.00,305.00,271.00,305.00,0.0,"19,596.00","5,424,941.00"
2015-07-15,275.00,281.00,270.00,278.00,0.0,"10,531.00","2,876,439.00"
2015-07-14,277.00,276.00,270.00,275.00,0.0,"12,100.00","3,297,000.00"
2015-07-13,273.00,277.00,265.00,277.00,0.0,"11,190.00","3,025,920.00"
2015-07-12,280.00,282.00,270.00,273.00,0.0,"16,774.00","4,607,889.00"
2015-07-09,286.00,285.00,275.00,280.00,0.0,"11,380.00","3,171,850.00"
2015-07-08,282.00,290.00,272.00,286.00,0.0,"20,998.00","5,857,428.00"
2015-07-07,278.00,283.00,268.00,282.00,0.0,"27,239.00","7,500,255.00"
2015-07-06,280.00,278.00,271.00,278.00,0.0,"17,005.00","4,648,880.00"
2015-07-05,277.00,289.00,275.00,280.00,0.0,"15,200.00","4,278,600.00"
2015-07-02,281.00,279.00,276.00,277.00,0.0,"12,251.00","3,401,737.00"
2015-07-01,285.00,290.00,281.00,281.00,0.0,"22,249.00","6,336,197.00"
2015-06-30,284.00,290.00,282.00,285.00,0.0,"15,322.00","4,346,910.00"
2015-06-29,282.00,291.00,280.00,284.00,0.0,"21,917.00","6,261,505.00"
2015-06-28,277.00,287.00,276.00,282.00,0.0,"5,154.00","1,455,378.00"
2015-06-25,280.00,286.00,277.00,277.00,0.0,"4,768.00","1,347,680.00"
2015-06-24,284.00,283.00,274.00,280.00,0.0,"48,028.00","13,203,732.00"
2015-06-23,276.00,284.00,277.00,284.00,0.0,"6,256.00","1,739,152.00"
2015-06-22,277.00,281.00,272.00,276.00,0.0,"16,005.00","4,436,436.00"
2015-06-21,284.00,280.00,275.00,277.00,0.0,"10,552.00","2,909,304.00"
2015-06-18,285.00,287.00,282.00,284.00,0.0,"21,405.00","6,088,488.00"
2015-06-17,285.00,289.00,283.00,285.00,0.0,"7,869.00","2,234,195.00"
2015-06-16,290.00,288.00,284.00,285.00,0.0,"10,148.00","2,888,930.00"
2015-06-15,291.00,294.00,280.00,290.00,0.0,"31,291.00","8,991,165.00"
2015-06-14,294.00,299.00,284.00,291.00,0.0,"22,394.00","6,453,187.00"
2015-06-11,302.00,300.00,294.00,294.00,0.0,"23,149.00","6,853,376.00"
2015-06-10,310.00,315.00,295.00,302.00,0.0,"111,736.00","33,547,092.00"
2015-06-09,295.00,324.00,300.00,310.00,0.0,"149,337.00","46,873,720.00"
2015-06-08,289.00,307.00,291.00,295.00,0.0,"64,575.00","19,252,628.00"
2015-06-07,282.00,295.00,281.00,289.00,0.0,"39,141.00","11,335,017.00"
2015-06-04,264.00,289.00,269.00,282.00,0.0,"73,327.00","20,505,012.00"
2015-06-03,252.00,275.00,242.00,264.00,0.0,"214,930.00","53,753,388.00"
2015-06-02,242.00,255.00,242.00,252.00,0.0,"35,127.00","8,682,386.00"
2015-06-01,244.00,260.00,242.00,242.00,0.0,"59,101.00","14,571,499.00"
2015-05-31,240.00,250.00,240.00,244.00,0.0,"30,388.00","7,457,059.00"
2015-05-28,238.00,246.00,229.00,240.00,0.0,"23,636.00","5,649,836.00"
2015-05-27,241.00,241.00,237.00,238.00,0.0,"10,170.00","2,423,500.00"
2015-05-26,237.00,260.00,225.00,241.00,0.0,"48,096.00","11,749,078.00"
2015-05-25,263.00,258.00,237.00,237.00,0.0,"7,264.00","1,727,200.00"
2015-05-24,292.00,287.00,263.00,263.00,0.0,217.00,"59,051.00"
2015-04-23,300.00,297.00,292.00,292.00,0.0,"8,051.00","2,370,869.00"
2015-04-22,295.00,300.00,295.00,300.00,0.0,"3,832.00","1,135,854.00"
2015-04-21,298.00,303.00,295.00,295.00,0.0,"11,453.00","3,407,750.00"
2015-04-20,300.00,301.00,298.00,298.00,0.0,"4,671.00","1,400,020.00"
2015-04-19,300.00,302.00,296.00,300.00,0.0,"3,153.00","939,200.00"
2015-04-16,300.00,300.00,298.00,300.00,0.0,"5,271.00","1,577,300.00"
2015-04-15,302.00,305.00,294.00,300.00,0.0,"14,917.00","4,428,952.00"
2015-04-13,302.00,305.00,300.00,302.00,0.0,"49,972.00","15,003,535.00"
2015-04-12,311.00,317.00,302.00,302.00,0.0,"14,857.00","4,569,693.00"
2015-04-09,301.00,322.00,301.00,311.00,0.0,"5,880.00","1,792,190.00"
2015-04-08,298.00,308.00,299.00,301.00,0.0,"22,207.00","6,670,815.00"
2015-04-07,302.00,304.00,298.00,298.00,0.0,"9,535.00","2,858,490.00"
2015-04-06,303.00,307.00,298.00,302.00,0.0,"13,457.00","4,050,222.00"
2015-04-05,310.00,314.00,303.00,303.00,0.0,"3,110.00","948,516.00"
2015-04-02,301.00,310.00,301.00,310.00,0.0,"5,296.00","1,631,325.00"
2015-04-01,308.00,310.00,301.00,301.00,0.0,"3,809.00","1,157,742.00"
2015-03-31,301.00,309.00,300.00,308.00,0.0,"10,197.00","3,106,809.00"
2015-03-30,305.00,305.00,300.00,301.00,0.0,"12,764.00","3,854,543.00"
2015-03-29,307.00,309.00,302.00,305.00,0.0,"11,135.00","3,381,305.00"
2015-03-26,311.00,311.00,304.00,307.00,0.0,"8,445.00","2,592,753.00"
2015-03-25,318.00,313.00,309.00,311.00,0.0,"2,553.00","791,033.00"
2015-03-24,320.00,318.00,308.00,318.00,0.0,"3,850.00","1,199,120.00"
2015-03-23,320.00,322.00,318.00,320.00,0.0,"1,207.00","385,142.00"
2015-03-22,319.00,332.00,320.00,320.00,0.0,"18,216.00","5,899,562.00"
2015-03-19,320.00,330.00,319.00,319.00,0.0,"1,640.00","524,450.00"
2015-03-18,321.00,321.00,315.00,320.00,0.0,"5,286.00","1,680,583.00"
2015-03-17,317.00,322.00,310.00,321.00,0.0,"7,152.00","2,288,003.00"
2015-03-16,320.00,323.00,316.00,317.00,0.0,"3,877.00","1,233,021.00"
2015-03-15,323.00,322.00,317.00,320.00,0.0,"6,831.00","2,181,729.00"
2015-03-12,323.00,326.00,320.00,323.00,0.0,"11,345.00","3,656,675.00"
2015-03-11,325.00,331.00,321.00,323.00,0.0,"2,711.00","876,253.00"
2015-03-10,329.00,330.00,323.00,325.00,0.0,"7,855.00","2,553,795.00"
2015-03-09,334.00,339.00,329.00,329.00,0.0,"6,449.00","2,149,038.00"
2015-03-04,337.00,339.00,324.00,334.00,0.0,"14,262.00","4,689,877.00"
2015-03-03,327.00,337.00,321.00,337.00,0.0,"7,437.00","2,406,741.00"
2015-03-02,324.00,329.00,320.00,327.00,0.0,"7,869.00","2,553,824.00"
2015-03-01,344.00,338.00,320.00,324.00,0.0,"16,618.00","5,375,554.00"
2015-02-26,324.00,344.00,323.00,344.00,0.0,"1,170.00","381,190.00"
2015-02-25,325.00,334.00,321.00,324.00,0.0,"11,934.00","3,860,116.00"
2015-02-24,322.00,325.00,320.00,325.00,0.0,"13,576.00","4,365,548.00"
2015-02-23,325.00,328.00,314.00,322.00,0.0,"27,681.00","8,881,723.00"
2015-02-22,335.00,330.00,324.00,325.00,0.0,"25,149.00","8,173,523.00"
2015-02-18,336.00,345.00,330.00,335.00,0.0,"7,629.00","2,551,113.00"
2015-02-16,348.00,345.00,329.00,336.00,0.0,"23,392.00","7,856,168.00"
2015-02-15,349.00,353.00,339.00,348.00,0.0,"5,377.00","1,863,782.00"
2015-02-12,340.00,349.00,339.00,349.00,0.0,"8,543.00","2,908,357.00"
2015-02-11,349.00,354.00,337.00,340.00,0.0,"4,896.00","1,668,991.00"
2015-02-10,340.00,349.00,339.00,349.00,0.0,"14,739.00","5,011,055.00"
2015-02-09,346.00,346.00,338.00,340.00,0.0,"21,303.00","7,270,930.00"
2015-02-08,345.00,348.00,345.00,346.00,0.0,"4,040.00","1,400,100.00"
2015-02-05,347.00,346.00,342.00,345.00,0.0,"12,915.00","4,460,340.00"
2015-02-04,350.00,352.00,346.00,347.00,0.0,"12,285.00","4,286,536.00"
2015-02-03,345.00,352.00,346.00,350.00,0.0,"67,004.00","23,300,664.00"
2015-02-02,348.00,350.00,344.00,345.00,0.0,"18,298.00","6,333,564.00"
2015-02-01,349.00,349.00,345.00,348.00,0.0,"37,283.00","12,918,278.00"
2015-01-29,349.00,355.00,343.00,349.00,0.0,"38,770.00","13,495,130.00"
2015-01-28,337.00,355.00,337.00,349.00,0.0,"41,461.00","14,338,088.00"
2015-01-27,336.00,346.00,335.00,337.00,0.0,"11,135.00","3,756,514.00"
2015-01-26,340.00,349.00,336.00,336.00,0.0,"8,693.00","2,981,234.00"
2015-01-25,340.00,341.00,335.00,340.00,0.0,"4,709.00","1,589,840.00"
2015-01-22,342.00,343.00,334.00,340.00,0.0,"23,477.00","7,877,399.00"
2015-01-20,344.00,348.00,332.00,342.00,0.0,"17,578.00","5,994,668.00"
2015-01-19,338.00,362.00,344.00,344.00,0.0,"41,916.00","14,777,588.00"
2015-01-18,335.00,352.00,334.00,338.00,0.0,"18,783.00","6,331,877.00"
2015-01-14,340.00,343.00,335.00,335.00,0.0,"9,219.00","3,101,228.00"
2015-01-13,340.00,341.00,335.00,340.00,0.0,"9,044.00","3,063,873.00"
2015-01-12,343.00,344.00,338.00,340.00,0.0,"15,061.00","5,143,767.00"
2015-01-11,344.00,344.00,340.00,343.00,0.0,"16,144.00","5,526,179.00"
2015-01-08,342.00,348.00,341.00,344.00,0.0,"17,190.00","5,924,286.00"
2015-01-07,342.00,348.00,336.00,342.00,0.0,"14,193.00","4,844,129.00"
2015-01-06,350.00,346.00,341.00,342.00,0.0,"14,720.00","5,054,512.00"
2015-01-05,345.00,357.00,343.00,350.00,0.0,"35,499.00","12,326,855.00"
2015-01-04,340.00,350.00,343.00,345.00,0.0,"51,424.00","17,760,970.00"
2015-01-01,345.00,355.00,340.00,340.00,0.0,"45,362.00","15,653,130.00"
2014-12-31,350.00,349.00,335.00,345.00,0.0,"572,274.00","192,201,280.00"
2014-12-29,355.00,355.00,348.00,350.00,0.0,"10,606.00","3,708,460.00"
2014-12-28,356.00,360.00,350.00,355.00,0.0,"53,331.00","18,805,004.00"
2014-12-24,341.00,356.00,337.00,356.00,0.0,"13,418.00","4,658,070.00"
2014-12-23,341.00,346.00,338.00,341.00,0.0,"5,508.00","1,882,750.00"
2014-12-22,350.00,355.00,340.00,341.00,0.0,"11,438.00","3,937,179.00"
2014-12-21,360.00,360.00,344.00,350.00,0.0,"11,166.00","3,884,532.00"
2014-12-18,359.00,362.00,350.00,360.00,0.0,"2,787.00","996,313.00"
2014-12-17,361.00,362.00,354.00,359.00,0.0,"19,667.00","7,030,580.00"
2014-12-16,367.00,366.00,359.00,361.00,0.0,"33,703.00","12,216,227.00"
2014-12-15,368.00,371.00,350.00,367.00,0.0,"206,164.00","73,130,152.00"
2014-12-14,353.00,368.00,353.00,368.00,0.0,"31,831.00","11,429,076.00"
2014-12-11,342.00,353.00,340.00,353.00,0.0,"6,145.00","2,108,407.00"
2014-12-10,332.00,342.00,336.00,342.00,0.0,"7,821.00","2,654,282.00"
2014-12-09,330.00,335.00,330.00,332.00,0.0,"9,911.00","3,286,056.00"
2014-12-08,326.00,332.00,330.00,330.00,0.0,"7,911.00","2,611,856.00"
2014-12-07,334.00,340.00,325.00,326.00,0.0,"29,800.00","9,838,000.00"
2014-12-04,334.00,340.00,329.00,334.00,0.0,"36,145.00","12,015,082.00"
2014-12-03,329.00,346.00,328.00,334.00,0.0,"20,677.00","6,937,753.00"
2014-12-02,340.00,340.00,326.00,329.00,0.0,"13,985.00","4,599,875.00"
2014-12-01,344.00,350.00,340.00,340.00,0.0,"4,300.00","1,473,750.00"
2014-11-30,353.00,348.00,343.00,344.00,0.0,"4,439.00","1,530,197.00"
2014-11-25,353.00,355.00,349.00,353.00,0.0,"5,852.00","2,051,473.00"
2014-11-24,350.00,355.00,350.00,353.00,0.0,"7,311.00","2,565,561.00"
2014-11-23,356.00,370.00,350.00,350.00,0.0,"22,956.00","8,153,902.00"
2014-11-20,355.00,367.00,350.00,356.00,0.0,"27,531.00","9,795,294.00"
2014-11-19,350.00,357.00,350.00,355.00,0.0,"6,267.00","2,214,075.00"
2014-11-18,352.00,362.00,333.00,350.00,0.0,"21,118.00","7,310,111.00"
2014-11-17,360.00,367.00,347.00,352.00,0.0,"21,825.00","7,706,402.00"
2014-11-16,369.00,380.00,360.00,360.00,0.0,"25,304.00","9,250,598.00"
2014-11-13,366.00,370.00,365.00,369.00,0.0,"22,643.00","8,297,638.00"
2014-11-12,372.00,372.00,360.00,366.00,0.0,"21,224.00","7,755,965.00"
2014-11-11,364.00,382.00,357.00,372.00,0.0,"21,964.00","7,995,541.00"
2014-11-10,371.00,369.00,362.00,364.00,0.0,"5,046.00","1,850,186.00"
2014-11-09,383.00,379.00,365.00,371.00,0.0,"8,731.00","3,221,799.00"
2014-11-06,373.00,383.00,366.00,383.00,0.0,"8,191.00","3,015,567.00"
2014-11-05,376.00,383.00,372.00,373.00,0.0,"4,217.00","1,587,592.00"
2014-11-04,369.00,376.00,357.00,376.00,0.0,"20,149.00","7,321,037.00"
2014-11-03,380.00,386.00,369.00,369.00,0.0,"7,341.00","2,739,411.00"
2014-11-02,373.00,380.00,370.00,380.00,0.0,"19,928.00","7,422,727.00"
2014-10-30,385.00,385.00,373.00,373.00,0.0,"8,236.00","3,093,210.00"
2014-10-28,387.00,390.00,385.00,385.00,0.0,"9,063.00","3,493,630.00"
2014-10-27,389.00,394.00,385.00,387.00,0.0,"11,412.00","4,411,394.00"
2014-10-26,386.00,389.00,380.00,389.00,0.0,"8,051.00","3,107,533.00"
2014-10-22,389.00,394.00,383.00,386.00,0.0,"18,925.00","7,338,824.00"
2014-10-21,389.00,391.00,389.00,389.00,0.0,"7,541.00","2,941,090.00"
2014-10-20,390.00,390.00,385.00,389.00,0.0,"11,992.00","4,631,410.00"
2014-10-19,390.00,390.00,380.00,390.00,0.0,"22,995.00","8,787,151.00"
2014-10-16,400.00,400.00,390.00,390.00,0.0,"11,337.00","4,453,209.00"
2014-10-15,377.00,400.00,370.00,400.00,0.0,"13,108.00","4,992,327.00"
2014-10-14,377.00,382.00,370.00,377.00,0.0,"31,346.00","11,703,742.00"
2014-10-13,377.00,381.00,370.00,377.00,0.0,"17,312.00","6,465,387.00"
2014-10-12,382.00,383.00,375.00,377.00,0.0,"6,161.00","2,336,939.00"
2014-10-09,385.00,382.00,378.00,382.00,0.0,"1,685.00","638,700.00"
2014-10-08,394.00,387.00,380.00,385.00,0.0,"4,315.00","1,653,275.00"
2014-09-30,390.00,401.00,391.00,394.00,0.0,"21,872.00","8,634,165.00"
2014-09-29,390.00,397.00,388.00,390.00,0.0,"9,600.00","3,737,624.00"
2014-09-28,390.00,394.00,383.00,390.00,0.0,"13,584.00","5,257,784.00"
2014-09-24,382.00,393.00,373.00,390.00,0.0,"27,338.00","10,493,862.00"
2014-09-23,369.00,385.00,372.00,382.00,0.0,"32,278.00","12,137,324.00"
2014-09-22,361.00,370.00,360.00,369.00,0.0,"8,308.00","3,029,139.00"
2014-09-21,386.00,386.00,360.00,361.00,0.0,"14,931.00","5,485,299.00"
2014-09-18,384.00,386.00,370.00,386.00,0.0,"38,250.00","14,295,725.00"
2014-09-17,390.00,395.00,382.00,384.00,0.0,"8,232.00","3,189,542.00"
2014-09-16,402.00,400.00,386.00,390.00,0.0,"6,571.00","2,582,183.00"
2014-09-15,390.00,402.00,390.00,402.00,0.0,"8,852.00","3,478,001.00"
2014-09-14,396.00,395.00,389.00,390.00,0.0,"15,209.00","5,941,239.00"
2014-09-11,399.00,402.00,380.00,396.00,0.0,"28,110.00","10,926,192.00"
2014-09-10,407.00,423.00,395.00,399.00,0.0,"70,644.00","29,019,668.00"
2014-09-09,370.00,407.00,377.00,407.00,0.0,"55,106.00","21,432,176.00"
2014-09-07,400.00,395.00,370.00,370.00,0.0,"29,253.00","11,091,869.00"
2014-09-04,415.00,410.00,395.00,400.00,0.0,"58,143.00","23,257,202.00"
2014-09-03,432.00,440.00,400.00,415.00,0.0,"115,844.00","46,971,168.00"
2014-09-01,425.00,434.00,410.00,432.00,0.0,"35,661.00","14,879,317.00"
2014-08-31,452.00,454.00,425.00,425.00,0.0,"7,604.00","3,339,019.00"
2014-08-28,440.00,464.00,445.00,452.00,0.0,"43,285.00","19,603,776.00"
2014-08-27,423.00,464.00,431.00,440.00,0.0,"78,271.00","34,560,152.00"
2014-08-26,447.00,474.00,410.00,423.00,0.0,"17,175.00","7,441,164.00"
2014-08-25,465.00,474.00,439.00,447.00,0.0,"1,604.00","714,869.00"
2014-08-24,465.00,470.00,456.00,465.00,0.0,"12,615.00","5,862,195.00"
2014-08-21,450.00,471.00,426.00,465.00,0.0,"64,527.00","29,165,876.00"
2014-08-20,472.00,480.00,450.00,450.00,0.0,"30,579.00","14,055,818.00"
2014-08-19,472.00,491.00,455.00,472.00,0.0,"24,544.00","11,606,004.00"
2014-08-18,488.00,493.00,470.00,472.00,0.0,"27,100.00","13,093,853.00"
2014-08-14,496.00,496.00,481.00,488.00,0.0,"20,356.00","9,926,422.00"
2014-08-13,494.00,504.00,480.00,496.00,0.0,"39,781.00","19,549,856.00"
2014-08-12,503.00,506.00,493.00,494.00,0.0,"33,410.00","16,633,501.00"
2014-08-07,499.00,508.00,476.00,503.00,0.0,"58,160.00","28,299,498.00"
2014-08-06,512.00,515.00,498.00,499.00,0.0,"38,251.00","19,167,876.00"
2014-08-05,500.00,529.00,500.00,512.00,0.0,"57,434.00","29,292,974.00"
2014-08-04,513.00,519.00,497.00,500.00,0.0,"53,955.00","27,285,072.00"
2014-08-03,525.00,535.00,510.00,513.00,0.0,"73,184.00","38,005,440.00"
2014-07-31,538.00,545.00,520.00,525.00,0.0,"66,430.00","35,050,088.00"
2014-07-30,551.00,553.00,527.00,538.00,0.0,"71,229.00","38,141,932.00"
2014-07-28,549.00,558.00,536.00,551.00,0.0,"49,006.00","26,738,388.00"
2014-07-27,525.00,566.00,515.00,549.00,0.0,"179,635.00","97,824,696.00"
2014-07-24,510.00,532.00,510.00,525.00,0.0,"85,583.00","44,402,896.00"
2014-07-23,498.00,522.00,500.00,510.00,0.0,"113,405.00","57,697,408.00"
2014-07-22,505.00,512.00,493.00,498.00,0.0,"101,019.00","50,293,176.00"
2014-07-21,490.00,507.00,472.00,505.00,0.0,"639,369.00","306,156,736.00"
2014-07-20,465.00,501.00,461.00,490.00,0.0,"248,332.00","118,416,184.00"
2014-07-17,459.00,470.00,456.00,465.00,0.0,"38,367.00","17,750,094.00"
2014-07-16,462.00,477.00,450.00,459.00,0.0,"107,124.00","48,998,344.00"
2014-07-15,460.00,469.00,455.00,462.00,0.0,"51,441.00","23,686,712.00"
2014-07-14,445.00,477.00,451.00,460.00,0.0,"114,692.00","53,101,580.00"
2014-07-13,422.00,462.00,428.00,445.00,0.0,"118,727.00","51,956,632.00"
2014-07-10,408.00,430.00,392.00,422.00,0.0,"58,918.00","24,160,230.00"
2014-07-09,396.00,408.00,392.00,408.00,0.0,"72,545.00","29,086,804.00"
2014-07-08,386.00,402.00,390.00,396.00,0.0,"74,042.00","29,318,472.00"
2014-07-07,386.00,397.00,385.00,386.00,0.0,"45,275.00","17,619,386.00"
2014-07-06,396.00,396.00,386.00,386.00,0.0,"33,005.00","12,883,709.00"
2014-07-03,394.00,399.00,389.00,396.00,0.0,"41,124.00","16,122,606.00"
2014-07-02,392.00,398.00,390.00,394.00,0.0,"46,284.00","18,186,740.00"
2014-07-01,390.00,398.00,389.00,392.00,0.0,"39,954.00","15,642,993.00"
2014-06-30,390.00,391.00,380.00,390.00,0.0,"44,405.00","17,116,480.00"
2014-06-29,385.00,397.00,385.00,390.00,0.0,"68,180.00","26,719,160.00"
2014-06-26,385.00,395.00,382.00,385.00,0.0,"70,539.00","27,343,972.00"
2014-06-25,380.00,403.00,385.00,385.00,0.0,"131,967.00","51,636,272.00"
2014-06-24,360.00,387.00,365.00,380.00,0.0,"138,165.00","52,078,892.00"
2014-06-23,359.00,366.00,355.00,360.00,0.0,"61,669.00","22,241,518.00"
2014-06-19,357.00,367.00,357.00,359.00,0.0,"107,448.00","38,790,924.00"
2014-06-18,344.00,366.00,350.00,357.00,0.0,"113,415.00","40,514,456.00"
2014-06-17,340.00,355.00,340.00,344.00,0.0,"51,272.00","17,648,920.00"
2014-06-16,340.00,356.00,340.00,340.00,0.0,"53,133.00","18,506,470.00"
2014-06-15,335.00,353.00,336.00,340.00,0.0,"21,983.00","7,486,811.00"
2014-06-12,338.00,347.00,333.00,335.00,0.0,"31,751.00","10,753,328.00"
2014-06-11,334.00,343.00,335.00,338.00,0.0,"15,160.00","5,136,037.00"
2014-06-10,328.00,336.00,330.00,334.00,0.0,"8,567.00","2,864,798.00"
2014-06-09,337.00,339.00,328.00,328.00,0.0,"8,820.00","2,951,814.00"
2014-06-08,331.00,338.00,330.00,337.00,0.0,"11,635.00","3,906,065.00"
2014-06-05,336.00,339.00,331.00,331.00,0.0,"15,945.00","5,309,979.00"
2014-06-04,332.00,341.00,332.00,336.00,0.0,"6,819.00","2,291,535.00"
2014-06-03,331.00,353.00,332.00,332.00,0.0,"34,300.00","11,707,988.00"
2014-06-02,321.00,336.00,322.00,331.00,0.0,"35,033.00","11,540,502.00"
2014-06-01,318.00,321.00,316.00,321.00,0.0,"33,175.00","10,535,815.00"
2014-05-28,318.00,324.00,315.00,318.00,0.0,"28,219.00","8,988,335.00"
2014-05-27,318.00,319.00,316.00,318.00,0.0,"16,585.00","5,276,162.00"
2014-05-26,321.00,325.00,315.00,318.00,0.0,"18,123.00","5,791,938.00"
2014-05-25,314.00,321.00,311.00,321.00,0.0,"34,168.00","10,868,464.00"
2014-05-22,315.00,316.00,313.00,314.00,0.0,"21,858.00","6,878,785.00"
2014-05-21,315.00,319.00,312.00,315.00,0.0,"9,720.00","3,055,873.00"
2014-05-20,315.00,316.00,303.00,315.00,0.0,"6,384.00","1,996,866.00"
2014-05-19,314.00,319.00,313.00,315.00,0.0,"21,267.00","6,682,657.00"
2014-05-18,313.00,323.00,313.00,314.00,0.0,"15,069.00","4,756,421.00"
2014-05-15,318.00,317.00,313.00,313.00,0.0,"16,488.00","5,200,502.00"
2014-05-13,317.00,318.00,311.00,318.00,0.0,"6,690.00","2,104,490.00"
2014-05-12,317.00,319.00,312.00,317.00,0.0,"22,594.00","7,135,591.00"
2014-05-11,327.00,327.00,315.00,317.00,0.0,"3,766.00","1,201,302.00"
2014-05-08,327.00,330.00,319.00,327.00,0.0,"8,098.00","2,620,671.00"
2014-05-07,323.00,335.00,320.00,327.00,0.0,"30,625.00","9,986,694.00"
2014-05-06,315.00,332.00,320.00,323.00,0.0,"43,060.00","14,022,035.00"
2014-05-05,306.00,323.00,309.00,315.00,0.0,"20,287.00","6,382,582.00"
2014-05-04,312.00,318.00,306.00,306.00,0.0,"30,350.00","9,449,849.00"
2014-04-30,312.00,317.00,308.00,312.00,0.0,"22,274.00","6,902,976.00"
2014-04-29,314.00,317.00,310.00,312.00,0.0,"17,420.00","5,445,825.00"
2014-04-28,315.00,322.00,310.00,314.00,0.0,"18,121.00","5,702,375.00"
2014-04-27,321.00,325.00,315.00,315.00,0.0,"8,543.00","2,707,887.00"
2014-04-23,317.00,324.00,315.00,321.00,0.0,"19,764.00","6,271,398.00"
2014-04-22,318.00,319.00,311.00,317.00,0.0,"23,596.00","7,421,264.00"
2014-04-21,315.00,318.00,305.00,318.00,0.0,"39,827.00","12,325,777.00"
2014-04-20,317.00,317.00,315.00,315.00,0.0,"11,948.00","3,769,508.00"
2014-04-17,318.00,318.00,305.00,317.00,0.0,"56,676.00","17,609,544.00"
2014-04-16,318.00,319.00,310.00,318.00,0.0,"93,779.00","29,198,568.00"
2014-04-15,319.00,322.00,315.00,318.00,0.0,"11,559.00","3,663,896.00"
2014-04-13,317.00,320.00,311.00,319.00,0.0,"13,142.00","4,174,729.00"
2014-04-10,320.00,321.00,310.00,317.00,0.0,"153,382.00","47,664,712.00"
2014-04-09,313.00,321.00,310.00,320.00,0.0,"30,589.00","9,679,314.00"
2014-04-07,318.00,323.00,312.00,313.00,0.0,"20,726.00","6,516,598.00"
2014-04-06,319.00,323.00,316.00,318.00,0.0,"15,065.00","4,815,634.00"
2014-04-03,320.00,328.00,310.00,319.00,0.0,"53,808.00","17,036,462.00"
2014-04-02,318.00,321.00,313.00,320.00,0.0,"14,550.00","4,641,575.00"
2014-04-01,315.00,332.00,305.00,318.00,0.0,"197,182.00","61,596,544.00"
2014-03-31,314.00,322.00,305.00,315.00,0.0,"34,352.00","10,749,594.00"
2014-03-27,317.00,319.00,310.00,314.00,0.0,"29,951.00","9,332,391.00"
2014-03-26,315.00,317.00,305.00,317.00,0.0,"73,798.00","22,725,778.00"
2014-03-25,322.00,320.00,313.00,315.00,0.0,"7,738.00","2,443,761.00"
2014-03-24,320.00,322.00,315.00,322.00,0.0,"7,870.00","2,501,598.00"
2014-03-23,316.00,320.00,316.00,320.00,0.0,"14,472.00","4,598,344.00"
2014-03-20,316.00,320.00,314.00,316.00,0.0,"17,333.00","5,481,808.00"
2014-03-19,302.00,320.00,300.00,316.00,0.0,"21,701.00","6,782,007.00"
2014-03-18,319.00,315.00,300.00,302.00,0.0,"47,251.00","14,532,552.00"
2014-03-17,325.00,325.00,318.00,319.00,0.0,"13,693.00","4,382,387.00"
2014-03-13,325.00,332.00,319.00,325.00,0.0,"16,018.00","5,248,984.00"
2014-03-12,326.00,330.00,321.00,325.00,0.0,"27,192.00","8,802,240.00"
2014-03-11,330.00,332.00,325.00,326.00,0.0,"33,954.00","11,137,271.00"
2014-03-10,330.00,338.00,320.00,330.00,0.0,"141,319.00","46,582,256.00"
2014-03-09,325.00,333.00,324.00,330.00,0.0,"192,560.00","63,102,576.00"
2014-03-06,329.00,331.00,320.00,325.00,0.0,"195,555.00","62,698,276.00"
2014-03-05,320.00,332.00,320.00,329.00,0.0,"170,538.00","54,845,184.00"
2014-03-04,328.00,322.00,311.00,320.00,0.0,"8,938.00","2,848,489.00"
2014-03-03,338.00,338.00,323.00,328.00,0.0,"11,463.00","3,746,843.00"
2014-02-26,340.00,342.00,330.00,338.00,0.0,"21,571.00","7,205,660.00"
2014-02-25,341.00,345.00,334.00,340.00,0.0,"8,031.00","2,704,726.00"
2014-02-24,340.00,346.00,336.00,341.00,0.0,"8,387.00","2,851,308.00"
2014-02-23,335.00,345.00,336.00,340.00,0.0,"21,789.00","7,407,620.00"
2014-02-20,341.00,350.00,332.00,335.00,0.0,"16,161.00","5,478,361.00"
2014-02-18,338.00,342.00,335.00,341.00,0.0,"11,249.00","3,798,381.00"
2014-02-17,332.00,339.00,334.00,338.00,0.0,"11,435.00","3,839,309.00"
2014-02-16,335.00,342.00,330.00,332.00,0.0,"24,494.00","8,258,555.00"
2014-02-13,329.00,336.00,325.00,335.00,0.0,"19,002.00","6,262,060.00"
2014-02-12,330.00,333.00,326.00,329.00,0.0,"22,134.00","7,276,586.00"
2014-02-11,340.00,340.00,330.00,330.00,0.0,"18,171.00","6,058,803.00"
2014-02-10,328.00,358.00,334.00,340.00,0.0,"49,169.00","16,814,584.00"
2014-02-09,330.00,336.00,327.00,328.00,0.0,"16,120.00","5,308,721.00"
2014-02-06,341.00,340.00,328.00,330.00,0.0,"11,797.00","3,924,199.00"
2014-02-04,335.00,339.00,331.00,335.00,0.0,"13,758.00","4,608,272.00"
2014-02-03,339.00,337.00,331.00,335.00,0.0,"14,102.00","4,712,986.00"
2014-02-02,346.00,346.00,335.00,339.00,0.0,"17,766.00","6,020,112.00"
2014-01-29,341.00,347.00,339.00,346.00,0.0,"16,649.00","5,692,982.00"
2014-01-28,334.00,343.00,336.00,341.00,0.0,"20,292.00","6,897,970.00"
2014-01-27,344.00,350.00,334.00,334.00,0.0,"15,326.00","5,223,460.00"
2014-01-26,341.00,349.00,335.00,344.00,0.0,"27,550.00","9,420,766.00"
2014-01-23,348.00,349.00,334.00,341.00,0.0,"43,757.00","14,957,373.00"
2014-01-22,355.00,355.00,343.00,348.00,0.0,"40,290.00","13,996,130.00"
2014-01-21,369.00,370.00,355.00,355.00,0.0,"14,971.00","5,379,863.00"
2014-01-20,380.00,380.00,364.00,369.00,0.0,"44,974.00","16,606,808.00"
2014-01-19,359.00,384.00,360.00,380.00,0.0,"1,214,703.00","457,139,872.00"
2014-01-16,356.00,365.00,354.00,359.00,0.0,"54,326.00","19,585,578.00"
2014-01-14,349.00,357.00,347.00,356.00,0.0,"55,657.00","19,588,092.00"
2014-01-13,353.00,358.00,343.00,349.00,0.0,"33,760.00","11,767,850.00"
2014-01-12,345.00,360.00,342.00,353.00,0.0,"42,889.00","15,033,494.00"
2014-01-09,338.00,346.00,338.00,345.00,0.0,"32,275.00","11,001,394.00"
2014-01-08,340.00,352.00,336.00,338.00,0.0,"69,007.00","23,550,144.00"
2014-01-07,343.00,346.00,338.00,340.00,0.0,"50,631.00","17,225,122.00"
2014-01-06,345.00,347.00,339.00,343.00,0.0,"23,792.00","8,129,646.00"
2014-01-05,346.00,351.00,341.00,345.00,0.0,"27,891.00","9,635,555.00"
2014-01-02,339.00,358.00,330.00,346.00,0.0,"71,164.00","24,145,652.00"
2014-01-01,350.00,346.00,331.00,339.00,0.0,"73,937.00","24,866,580.00"
2013-12-31,369.00,368.00,343.00,350.00,0.0,"48,004.00","17,089,016.00"
2013-12-29,363.00,370.00,358.00,369.00,0.0,"66,836.00","24,236,832.00"
2013-12-26,365.00,381.00,363.00,363.00,0.0,"100,275.00","37,266,864.00"
2013-12-24,354.00,370.00,341.00,361.00,0.0,"92,911.00","32,848,976.00"
2013-12-23,371.00,372.00,351.00,354.00,0.0,"89,786.00","32,161,318.00"
2013-12-22,354.00,374.00,343.00,371.00,0.0,"365,857.00","131,894,520.00"
2013-12-19,355.00,365.00,330.00,355.00,0.0,"129,292.00","45,240,664.00"
2013-12-18,332.00,365.00,333.00,355.00,0.0,"138,028.00","48,785,920.00"
2013-12-16,302.00,332.00,302.00,332.00,0.0,"112,400.00","36,764,092.00"
2013-12-15,290.00,306.00,282.00,302.00,0.0,"66,006.00","19,354,376.00"
2013-12-12,296.00,299.00,290.00,290.00,0.0,"32,856.00","9,620,855.00"
2013-12-11,285.00,300.00,284.00,296.00,0.0,"91,865.00","26,991,872.00"
2013-12-10,295.00,295.00,285.00,285.00,0.0,"42,794.00","12,317,170.00"
2013-12-09,301.00,305.00,291.00,295.00,0.0,"33,558.00","9,937,679.00"
2013-12-08,304.00,310.00,291.00,301.00,0.0,"54,416.00","16,278,561.00"
2013-12-05,309.00,322.00,296.00,304.00,0.0,"94,891.00","29,674,794.00"
2013-12-04,284.00,312.00,289.00,309.00,0.0,"80,393.00","24,591,144.00"
2013-12-03,268.00,284.00,260.00,284.00,0.0,"100,207.00","27,623,988.00"
2013-12-02,255.00,276.00,255.00,269.00,0.0,"55,978.00","15,076,611.00"
2013-12-01,250.00,263.00,245.00,255.00,0.0,"141,597.00","35,395,552.00"
2013-11-28,255.00,256.00,247.00,250.00,0.0,"41,023.00","10,290,687.00"
2013-11-27,264.00,265.00,245.00,255.00,0.0,"103,005.00","25,951,588.00"
2013-11-26,257.00,265.00,257.00,264.00,0.0,"74,797.00","19,507,176.00"
2013-11-25,244.00,260.00,235.00,257.00,0.0,"158,053.00","39,165,976.00"
2013-11-24,222.00,244.00,226.00,244.00,0.0,"201,821.00","49,034,856.00"
2013-11-21,214.00,222.00,218.00,222.00,0.0,"1,267.00","279,174.00"
2013-11-14,208.00,215.00,202.00,214.00,0.0,"200,113.00","42,065,928.00"
2013-11-13,202.00,211.00,204.00,208.00,0.0,"88,652.00","18,303,272.00"
2013-11-12,202.00,209.00,200.00,202.00,0.0,"158,799.00","32,283,514.00"
2013-11-11,194.00,202.00,189.00,202.00,0.0,"42,226.00","8,125,216.00"
2013-11-10,182.00,194.00,183.00,194.00,0.0,"84,685.00","16,077,030.00"
2013-11-07,193.00,199.00,181.00,182.00,0.0,"59,077.00","11,057,828.00"
2013-11-06,176.00,193.00,174.00,193.00,0.0,"97,079.00","18,146,902.00"
2013-10-31,170.00,176.00,168.00,176.00,0.0,"67,419.00","11,590,037.00"
2013-10-30,166.00,170.00,160.00,170.00,0.0,"57,590.00","9,570,814.00"
2013-10-29,165.00,168.00,160.00,166.00,0.0,"68,595.00","11,311,424.00"
2013-10-28,167.00,168.00,162.00,165.00,0.0,"28,422.00","4,696,649.00"
2013-10-27,170.00,168.00,157.00,167.00,0.0,"34,123.00","5,546,460.00"
2013-10-24,167.00,170.00,165.00,170.00,0.0,"20,198.00","3,359,744.00"
2013-10-23,165.00,167.00,160.00,167.00,0.0,"25,741.00","4,179,369.00"
2013-10-22,168.00,168.00,160.00,165.00,0.0,"21,064.00","3,451,921.00"
2013-10-21,169.00,172.00,165.00,168.00,0.0,"17,977.00","3,006,460.00"
2013-10-20,170.00,171.00,165.00,169.00,0.0,"11,234.00","1,893,217.00"
2013-10-17,164.00,170.00,164.00,170.00,0.0,"3,590.00","597,368.00"
2013-10-10,155.00,164.00,157.00,164.00,0.0,"13,270.00","2,114,835.00"
2013-10-09,155.00,155.00,152.00,155.00,0.0,"17,525.00","2,665,375.00"
2013-10-08,157.00,159.00,155.00,155.00,0.0,"15,100.00","2,361,644.00"
2013-10-07,157.00,162.00,156.00,157.00,0.0,"18,733.00","2,968,329.00"
2013-10-06,154.00,158.00,153.00,157.00,0.0,"12,146.00","1,882,903.00"
2013-10-03,154.00,154.00,149.00,154.00,0.0,"8,108.00","1,231,171.00"
2013-10-02,157.00,157.00,150.00,154.00,0.0,"52,517.00","8,052,262.00"
2013-10-01,164.00,166.00,157.00,157.00,0.0,"8,349.00","1,344,191.00"
2013-09-30,163.00,167.00,164.00,164.00,0.0,"1,537.00","255,906.00"
2013-09-29,164.00,165.00,163.00,163.00,0.0,"3,030.00","498,290.00"
2013-09-26,161.00,173.00,162.00,164.00,0.0,"10,220.00","1,701,998.00"
2013-09-25,157.00,166.00,156.00,161.00,0.0,"6,778.00","1,092,698.00"
2013-09-24,155.00,157.00,152.00,157.00,0.0,"1,180.00","181,683.00"
2013-09-23,158.00,155.00,155.00,155.00,0.0,471.00,"73,005.00"
2013-09-22,160.00,160.00,157.00,158.00,0.0,560.00,"88,500.00"
2013-09-19,161.00,162.00,157.00,160.00,0.0,"1,948.00","311,778.00"
2013-09-17,157.00,161.00,154.00,161.00,0.0,507.00,"79,657.00"
2013-09-16,165.00,163.00,157.00,157.00,0.0,329.00,"53,048.00"
2013-09-15,160.00,166.00,163.00,166.00,0.0,282.00,"46,274.00"
2013-09-12,163.00,162.00,160.00,160.00,0.0,600.00,"97,034.00"
2013-09-11,166.00,168.00,163.00,163.00,0.0,"1,849.00","307,489.00"
2013-09-10,169.00,175.00,166.00,166.00,0.0,660.00,"112,272.00"
2013-09-09,169.00,172.00,166.00,169.00,0.0,"2,047.00","347,745.00"
2013-09-08,169.00,172.00,169.00,169.00,0.0,"1,231.00","209,009.00"
2013-09-05,169.00,169.00,166.00,169.00,0.0,"1,176.00","197,766.00"
2013-09-04,165.00,169.00,164.00,169.00,0.0,"3,643.00","606,708.00"
2013-09-03,169.00,171.00,165.00,165.00,0.0,"1,851.00","309,690.00"
2013-09-02,169.00,171.00,167.00,169.00,0.0,"1,333.00","226,458.00"
2013-09-01,170.00,169.00,167.00,169.00,0.0,156.00,"26,164.00"
2013-08-29,167.00,171.00,165.00,170.00,0.0,859.00,"143,776.00"
2013-08-27,167.00,167.00,165.00,167.00,0.0,767.00,"126,923.00"
2013-08-26,161.00,167.00,159.00,167.00,0.0,"1,924.00","313,038.00"
2013-08-25,166.00,163.00,160.00,161.00,0.0,556.00,"89,716.00"
2013-08-20,163.00,166.00,161.00,166.00,0.0,"1,102.00","179,839.00"
2013-08-19,159.00,163.00,158.00,163.00,0.0,713.00,"115,239.00"
2013-08-18,157.00,163.00,158.00,159.00,0.0,"3,189.00","510,967.00"
2013-08-15,160.00,160.00,157.00,157.00,0.0,614.00,"96,758.00"
2013-08-14,159.00,160.00,157.00,160.00,0.0,"1,093.00","174,108.00"
2013-08-13,162.00,168.00,159.00,159.00,0.0,"3,641.00","592,298.00"
2013-08-12,156.00,162.00,155.00,162.00,0.0,"1,832.00","288,112.00"
2013-08-11,168.00,165.00,156.00,156.00,0.0,"1,563.00","245,889.00"
2013-08-08,171.00,171.00,168.00,168.00,0.0,"2,231.00","375,877.00"
2013-08-07,172.00,175.00,170.00,171.00,0.0,"1,481.00","256,919.00"
2013-08-06,176.00,175.00,172.00,172.00,0.0,391.00,"67,825.00"
2013-08-05,180.00,179.00,176.00,176.00,0.0,143.00,"25,468.00"
2013-08-04,175.00,182.00,178.00,182.00,0.0,653.00,"117,140.00"
2013-08-01,171.00,180.00,174.00,175.00,0.0,"4,726.00","828,213.00"
2013-07-31,169.00,171.00,167.00,171.00,0.0,"1,821.00","305,369.00"
2013-07-30,163.00,169.00,165.00,169.00,0.0,690.00,"114,310.00"
2013-07-29,160.00,163.00,162.00,163.00,0.0,"1,196.00","194,494.00"
2013-07-28,158.00,163.00,158.00,160.00,0.0,"1,824.00","292,380.00"
2013-07-25,155.00,161.00,158.00,158.00,0.0,"2,518.00","402,000.00"
2013-07-24,154.00,155.00,152.00,155.00,0.0,"1,423.00","216,596.00"
2013-07-23,150.00,154.00,147.00,154.00,0.0,"1,246.00","188,060.00"
2013-07-22,155.00,153.00,150.00,150.00,0.0,"2,360.00","357,144.00"
2013-07-21,165.00,162.00,155.00,155.00,0.0,"1,141.00","178,419.00"
2013-07-18,171.00,168.00,165.00,165.00,0.0,95.00,"15,798.00"
2013-07-15,172.00,171.00,169.00,171.00,0.0,110.00,"18,610.00"
2013-07-14,160.00,172.00,159.00,172.00,0.0,239.00,"39,300.00"
2013-07-11,160.00,163.00,160.00,160.00,0.0,741.00,"119,837.00"
2013-07-10,157.00,160.00,160.00,160.00,0.0,"1,169.00","187,040.00"
2013-07-09,154.00,159.00,157.00,157.00,0.0,940.00,"147,880.00"
2013-07-08,157.00,155.00,151.00,154.00,0.0,425.00,"64,751.00"
2013-07-07,159.00,157.00,157.00,157.00,0.0,15.00,"2,355.00"
2013-07-04,159.00,162.00,158.00,159.00,0.0,641.00,"102,415.00"
2013-07-03,155.00,159.00,156.00,159.00,0.0,"1,080.00","169,147.00"
2013-07-02,158.00,158.00,152.00,155.00,0.0,"2,012.00","311,222.00"
2013-07-01,161.00,160.00,158.00,158.00,0.0,"3,204.00","508,846.00"
2013-06-30,157.00,161.00,157.00,161.00,0.0,"1,507.00","238,936.00"
2013-06-27,153.00,160.00,153.00,157.00,0.0,"1,660.00","258,320.00"
2013-06-26,149.00,156.00,150.00,153.00,0.0,"2,618.00","394,148.00"
2013-06-25,150.00,152.00,146.00,149.00,0.0,"4,291.00","633,686.00"
2013-06-24,156.00,155.00,150.00,150.00,0.0,"1,088.00","164,050.00"
2013-06-23,162.00,159.00,156.00,156.00,0.0,200.00,"31,500.00"
2013-06-20,162.00,162.00,159.00,162.00,0.0,200.00,"32,100.00"
2013-06-19,163.00,165.00,162.00,162.00,0.0,271.00,"44,055.00"
2013-06-18,162.00,163.00,161.00,163.00,0.0,696.00,"113,002.00"
2013-06-16,162.00,162.00,159.00,162.00,0.0,252.00,"40,543.00"
2013-06-13,162.00,162.00,162.00,162.00,0.0,602.00,"97,524.00"
2013-06-12,165.00,165.00,161.00,162.00,0.0,"3,937.00","640,718.00"
2013-06-11,168.00,165.00,165.00,165.00,0.0,240.00,"39,600.00"
2013-06-10,164.00,168.00,163.00,168.00,0.0,"3,093.00","510,434.00"
2013-06-09,166.00,166.00,164.00,164.00,0.0,425.00,"70,300.00"
2013-06-06,168.00,168.00,165.00,166.00,0.0,"1,250.00","208,250.00"
2013-06-05,170.00,173.00,168.00,168.00,0.0,937.00,"159,551.00"
2013-06-04,173.00,170.00,170.00,170.00,0.0,20.00,"3,400.00"
2013-06-03,176.00,174.00,172.00,173.00,0.0,"2,302.00","398,225.00"
2013-06-02,177.00,176.00,173.00,176.00,0.0,"1,170.00","203,954.00"
2013-05-30,170.00,177.00,170.00,177.00,0.0,"1,153.00","199,463.00"
2013-05-28,185.00,182.00,170.00,170.00,0.0,"3,812.00","667,621.00"
2013-05-27,191.00,204.00,185.00,185.00,0.0,"3,065.00","587,055.00"
2013-05-26,174.00,191.00,177.00,191.00,0.0,120.00,"21,950.00"
2013-05-23,159.00,174.00,162.00,174.00,0.0,60.00,"10,080.00"
2013-05-22,145.00,159.00,152.00,159.00,0.0,40.00,"6,240.00"
2013-05-09,532.00,145.00,143.00,145.00,0.0,135.00,"19,485.00"
2013-05-08,530.00,543.00,490.00,532.00,0.0,"140,540.00","71,008,216.00"
2013-05-07,521.00,558.00,496.00,530.00,0.0,"29,919.00","15,680,317.00"
2013-05-06,508.00,521.00,458.00,521.00,0.0,"293,777.00","143,006,144.00"
2013-05-05,564.00,555.00,508.00,508.00,0.0,"11,463.00","5,856,619.00"
2013-05-02,626.00,615.00,564.00,564.00,0.0,"8,316.00","4,721,985.00"
2013-04-30,695.00,695.00,626.00,626.00,0.0,"13,940.00","8,876,861.00"
2013-04-29,699.00,708.00,678.00,695.00,0.0,"2,872.00","1,983,200.00"
2013-04-28,705.00,719.00,695.00,699.00,0.0,"1,420.00","993,580.00"
2013-04-25,700.00,706.00,686.00,705.00,0.0,"2,462.00","1,707,725.00"
2013-04-23,702.00,715.00,686.00,700.00,0.0,"7,895.00","5,529,636.00"
2013-04-22,705.00,703.00,689.00,702.00,0.0,560.00,"388,989.00"
2013-04-21,710.00,710.00,697.00,705.00,0.0,741.00,"519,105.00"
2013-04-18,738.00,733.00,701.00,710.00,0.0,"1,677.00","1,197,464.00"
2013-04-17,753.00,751.00,738.00,738.00,0.0,738.00,"546,777.00"
2013-04-16,758.00,753.00,739.00,753.00,0.0,"2,554.00","1,899,130.00"
2013-04-15,727.00,760.00,720.00,758.00,0.0,"3,605.00","2,669,178.00"
2013-04-11,685.00,744.00,685.00,727.00,0.0,"6,685.00","4,769,314.00"
2013-04-09,641.00,703.00,640.00,685.00,0.0,"5,896.00","3,931,248.00"
2013-04-08,639.00,650.00,638.00,641.00,0.0,963.00,"618,997.00"
2013-04-07,638.00,645.00,636.00,639.00,0.0,"1,254.00","801,483.00"
2013-04-04,640.00,641.00,631.00,638.00,0.0,926.00,"589,698.00"
2013-04-03,641.00,652.00,636.00,640.00,0.0,"2,128.00","1,361,638.00"
2013-04-02,640.00,645.00,635.00,641.00,0.0,"1,725.00","1,103,777.00"
2013-04-01,650.00,645.00,637.00,640.00,0.0,"2,200.00","1,406,900.00"
2013-03-31,652.00,659.00,648.00,650.00,0.0,597.00,"388,524.00"
2013-03-28,665.00,675.00,652.00,652.00,0.0,"1,635.00","1,073,622.00"
2013-03-27,665.00,675.00,656.00,665.00,0.0,596.00,"396,052.00"
2013-03-25,652.00,665.00,647.00,665.00,0.0,520.00,"342,016.00"
2013-03-24,666.00,670.00,640.00,652.00,0.0,"1,488.00","970,676.00"
2013-03-21,673.00,693.00,666.00,666.00,0.0,924.00,"623,453.00"
2013-03-20,686.00,673.00,673.00,673.00,0.0,781.00,"525,613.00"
2013-03-19,680.00,694.00,680.00,686.00,0.0,474.00,"327,514.00"
2013-03-18,680.00,680.00,670.00,680.00,0.0,819.00,"553,820.00"
2013-03-17,680.00,688.00,673.00,680.00,0.0,"1,952.00","1,318,324.00"
2013-03-14,660.00,680.00,653.00,680.00,0.0,"2,852.00","1,892,020.00"
2013-03-13,645.00,660.00,650.00,660.00,0.0,523.00,"342,680.00"
2013-03-11,632.00,652.00,630.00,645.00,0.0,"3,483.00","2,221,335.00"
2013-03-07,660.00,673.00,632.00,632.00,0.0,"4,218.00","2,718,300.00"
2013-03-06,670.00,683.00,657.00,660.00,0.0,"3,071.00","2,037,043.00"
2013-03-05,683.00,696.00,670.00,670.00,0.0,"1,618.00","1,102,216.00"
2013-03-04,680.00,683.00,667.00,683.00,0.0,"1,069.00","725,390.00"
2013-03-03,686.00,714.00,680.00,680.00,0.0,"1,388.00","958,194.00"
2013-02-28,687.00,702.00,685.00,686.00,0.0,"1,121.00","771,191.00"
2013-02-27,700.00,700.00,685.00,687.00,0.0,"1,607.00","1,107,145.00"
2013-02-26,725.00,714.00,695.00,700.00,0.0,"1,765.00","1,241,681.00"
2013-02-25,762.00,770.00,717.00,725.00,0.0,"2,420.00","1,772,580.00"
2013-02-24,780.00,779.00,736.00,762.00,0.0,"3,195.00","2,405,082.00"
2013-02-21,791.00,805.00,780.00,780.00,0.0,"2,252.00","1,773,607.00"
2013-02-20,800.00,816.00,784.00,791.00,0.0,"3,091.00","2,467,603.00"
2013-02-19,808.00,825.00,797.00,800.00,0.0,"3,313.00","2,661,936.00"
2013-02-14,897.00,880.00,808.00,808.00,0.0,"13,260.00","10,933,606.00"
2013-02-13,880.00,905.00,840.00,897.00,0.0,"21,258.00","17,900,616.00"
2013-02-12,900.00,912.00,880.00,880.00,0.0,"4,393.00","3,917,397.00"
2013-02-10,920.00,905.00,900.00,900.00,0.0,618.00,"557,517.00"
2013-02-07,907.00,920.00,892.00,920.00,0.0,"1,392.00","1,245,854.00"
2013-02-06,921.00,917.00,905.00,907.00,0.0,"1,037.00","945,712.00"
2013-02-05,920.00,930.00,910.00,921.00,0.0,"1,868.00","1,712,030.00"
2013-02-04,919.00,930.00,902.00,920.00,0.0,"1,557.00","1,424,722.00"
2013-02-03,930.00,940.00,919.00,919.00,0.0,"2,609.00","2,425,144.00"
2013-01-31,930.00,940.00,925.00,930.00,0.0,"1,442.00","1,337,814.00"
2013-01-30,924.00,936.00,921.00,930.00,0.0,855.00,"791,581.00"
2013-01-28,930.00,932.00,915.00,924.00,0.0,"2,067.00","1,902,573.00"
2013-01-27,950.00,965.00,920.00,930.00,0.0,"1,613.00","1,506,340.00"
2013-01-24,970.00,989.00,925.00,950.00,0.0,"1,717.00","1,617,282.00"
2013-01-23,950.00,975.00,935.00,970.00,0.0,"1,882.00","1,803,209.00"
2013-01-22,917.00,969.00,904.00,950.00,0.0,607.00,"562,899.00"
2013-01-21,903.00,935.00,895.00,917.00,0.0,"1,308.00","1,185,236.00"
2013-01-20,926.00,935.00,884.00,903.00,0.0,"1,931.00","1,750,567.00"
2013-01-17,931.00,932.00,915.00,926.00,0.0,"3,713.00","3,421,899.00"
2013-01-16,950.00,940.00,919.00,931.00,0.0,"1,956.00","1,816,815.00"
2013-01-15,"1,000.00",999.00,948.00,950.00,0.0,"4,209.00","4,021,313.00"
2013-01-13,"1,050.00","1,029.00",990.00,"1,000.00",0.0,"8,816.00","8,818,154.00"
2013-01-10,"1,166.00","1,143.00","1,050.00","1,050.00",0.0,"2,609.00","2,742,956.00"
2013-01-09,"1,295.00","1,270.00","1,166.00","1,166.00",0.0,"5,575.00","6,740,564.00"
2013-01-08,"1,251.00","1,321.00","1,251.00","1,295.00",0.0,"8,462.00","10,966,741.00"
2013-01-07,"1,138.00","1,251.00","1,194.00","1,251.00",0.0,"11,538.00","14,413,998.00"
2013-01-06,"1,035.00","1,138.00","1,086.00","1,138.00",0.0,"4,983.00","5,655,938.00"
2013-01-03,941.00,"1,035.00",959.00,"1,035.00",0.0,"1,573.00","1,598,092.00"
2013-01-02,856.00,941.00,260.00,941.00,0.0,"26,591.00","12,660,384.00"
2013-01-01,779.00,856.00,817.00,856.00,0.0,40.00,"33,550.00"
2012-12-31,709.00,779.00,744.00,779.00,0.0,"6,361.00","4,806,717.00"
2012-12-27,645.00,709.00,677.00,709.00,0.0,"1,260.00","869,590.00"
2012-12-26,609.00,645.00,598.00,645.00,0.0,91.00,"57,505.00"
2012-12-24,534.00,609.00,544.00,609.00,0.0,"1,292.00","771,064.00"
2012-12-23,490.00,534.00,514.00,534.00,0.0,40.00,"20,960.00"
2012-12-20,450.00,490.00,472.00,490.00,0.0,31.00,"14,911.00"
2012-12-19,414.00,450.00,434.00,450.00,0.0,40.00,"17,600.00"
2012-12-18,395.00,414.00,414.00,414.00,0.0,10.00,"4,140.00"
2012-12-17,0.00,395.00,380.00,395.00,0.0,30.00,"11,620.00"
